1-year yield,2-year yield,3-year yield,4-year yield,5-year yield,6-year yield,7-year yield,8-year yield,9-year yield,10-year yield,20-year yield,rx_bar,tau_t*100,rx_^2,rx_^3,rx_^4,rx_^5,rx_^6,rx_^7,rx_^8,rx_^9,rx_^10,rx_^11,rx_^12,rx_^13,rx_^14,rx_^15,rx_^16,rx_^17,rx_^18,rx_^19,rx_^20
4.76,5.11,5.41,5.69,5.9,6.06,6.13,6.08,6,5.95,5.98,-0.03,3.11,0.11,0,0.04,0.38,0.82,1.08,0.47,-0.77,-1.98,-2.6,-2.9,-3.07,-3.05,-2.77,-2.15,-1.1,0.48,2.7,5.65
4.46,4.87,5.17,5.37,5.55,5.79,5.94,5.96,5.96,5.97,6.08,-0.19,3.1,-0.41,-0.89,-1.44,-1.68,-1.15,-0.64,-0.99,-1.7,-2.64,-3.32,-3.6,-3.77,-3.78,-3.56,-3.05,-2.16,-0.81,1.11,3.7
4.36,4.94,5.36,5.61,5.81,6.03,6.15,6.16,6.17,6.17,6.13,-0.33,3.1,-0.58,-0.97,-1.27,-1.12,-0.51,0.01,-0.07,-0.49,-1.32,-2.33,-3.32,-4.41,-5.6,-6.9,-8.31,-9.83,-11.47,-13.21,-15.08
4.34,4.9,5.3,5.55,5.74,5.92,6.04,6.09,6.12,6.13,6.07,-0.46,3.1,-0.98,-1.74,-2.39,-2.62,-2.49,-2.3,-2.36,-2.48,-2.78,-3.3,-3.93,-4.66,-5.51,-6.52,-7.73,-9.2,-10.99,-13.16,-15.8
5.11,5.58,5.89,6.05,6.14,6.18,6.2,6.18,6.15,6.14,6.11,-0.48,3.1,-1.04,-1.38,-1.55,-1.73,-1.98,-2.29,-2.83,-3.52,-4.15,-4.73,-5.4,-6.11,-6.89,-7.77,-8.76,-9.9,-11.22,-12.77,-14.59
4.61,5.22,5.62,5.81,5.94,6.07,6.15,6.18,6.2,6.21,6.14,-0.41,3.1,-0.98,-1.38,-1.81,-1.96,-1.79,-1.96,-2.39,-2.65,-2.86,-3.26,-3.84,-4.49,-5.23,-6.11,-7.16,-8.44,-10.01,-11.96,-14.37
4.64,5.14,5.49,5.69,5.84,5.98,6.07,6.1,6.11,6.11,5.93,-0.71,3.09,-1.52,-2.09,-2.38,-2.58,-2.56,-2.97,-3.92,-4.84,-5.88,-7.01,-8.16,-9.39,-10.69,-12.1,-13.62,-15.27,-17.09,-19.09,-21.3
5.15,5.56,5.83,5.95,6.04,6.13,6.18,6.19,6.19,6.19,6.01,-0.7,3.08,-1.77,-2.29,-2.47,-2.64,-2.72,-3.19,-3.96,-4.73,-5.54,-6.44,-7.43,-8.53,-9.77,-11.18,-12.78,-14.61,-16.73,-19.16,-21.96
4.82,5.42,5.79,5.93,6.02,6.12,6.16,6.16,6.16,6.16,5.92,-1.18,3.08,-2.85,-4.07,-5.03,-6.27,-7.25,-7.86,-8.49,-8.98,-9.36,-10.22,-11.61,-13.09,-14.71,-16.52,-18.6,-21.04,-23.93,-27.42,-31.67
5.4,5.77,6.02,6.15,6.25,6.35,6.41,6.45,6.47,6.47,5.76,-0.84,3.07,-2.32,-2.92,-3.03,-3.34,-3.49,-3.65,-4.06,-4.69,-5.54,-6.59,-7.79,-9.21,-10.92,-12.97,-15.42,-18.34,-21.78,-25.82,-30.5
5.61,5.88,6.06,6.14,6.21,6.3,6.39,6.49,6.59,6.63,5.84,-0.44,3.07,-1.35,-1.46,-1.34,-1.43,-1.31,-1.28,-1.2,-1.01,-1.33,-2.1,-2.9,-3.88,-5.14,-6.76,-8.85,-11.54,-14.97,-19.28,-24.57
5.44,5.83,6.07,6.17,6.23,6.3,6.36,6.41,6.45,6.46,5.67,-0.49,3.06,-0.98,-1.09,-1.19,-1.46,-1.56,-1.75,-1.95,-1.69,-1.21,-1.18,-1.76,-2.72,-4.2,-6.37,-9.39,-13.49,-18.91,-25.96,-34.98
5.35,5.74,5.98,6.09,6.15,6.18,6.2,6.25,6.31,6.33,5.58,-0.56,3.05,-1.15,-1.27,-1.3,-1.64,-2.07,-2.5,-2.68,-2.48,-2.22,-2.41,-3.07,-4.08,-5.59,-7.74,-10.69,-14.64,-19.82,-26.48,-34.91
5.68,5.98,6.16,6.24,6.28,6.3,6.31,6.36,6.43,6.46,5.81,-0.63,3.05,-1.03,-1.13,-1.16,-1.53,-1.99,-2.17,-1.96,-2.03,-2.76,-4.01,-5.37,-7.02,-9.03,-11.49,-14.5,-18.16,-22.61,-27.96,-34.37
6.09,6.34,6.45,6.46,6.46,6.45,6.43,6.46,6.52,6.58,7.07,-0.34,3.04,-0.54,-0.62,-0.87,-1.33,-1.96,-2.69,-3.2,-3.32,-3.33,-3.45,-3.62,-3.87,-4.24,-4.76,-5.47,-6.44,-7.71,-9.35,-11.46
6.43,6.65,6.75,6.75,6.74,6.71,6.67,6.65,6.63,6.63,7.09,-0.33,3.03,-0.28,-0.17,-0.24,-0.55,-1.08,-1.81,-2.5,-2.99,-3.34,-3.61,-3.96,-4.43,-5.05,-5.86,-6.87,-8.12,-9.64,-11.47,-13.66
7.09,6.97,6.88,6.83,6.8,6.76,6.74,6.72,6.71,6.71,7,-0.73,3.03,-1.51,-2.46,-3.11,-3.82,-4.58,-5.4,-6.15,-6.45,-6.36,-6.53,-7.17,-7.82,-8.55,-9.42,-10.5,-11.94,-13.87,-16.51,-20.16
6.8,6.81,6.81,6.77,6.72,6.73,6.75,6.73,6.7,6.68,7.07,-0.97,3.03,-2.17,-3.42,-4.56,-6.08,-7.27,-7.84,-8.17,-8.32,-8.11,-8.33,-9.22,-10.08,-10.97,-11.97,-13.18,-14.75,-16.88,-19.85,-24.06
7.16,6.96,6.84,6.79,6.76,6.81,6.87,6.9,6.93,6.95,7.13,-0.73,3.02,-1.95,-3.25,-4.29,-5.58,-6.49,-6.9,-7.03,-6.26,-4.77,-4.02,-4.31,-4.62,-5.07,-5.79,-6.97,-8.85,-11.76,-16.15,-22.62
7.74,7.3,7.04,6.92,6.86,6.88,6.9,6.91,6.92,6.93,7.26,-0.86,3.02,-1.99,-3.6,-5.02,-6.67,-8.02,-8.67,-8.58,-7.82,-6.42,-5.84,-6.32,-6.78,-7.28,-7.94,-8.88,-10.29,-12.42,-15.59,-20.27
8.86,8.3,7.98,7.89,7.82,7.7,7.57,7.45,7.35,7.31,7.76,-0.64,3.02,-1.26,-2.37,-2.93,-3.68,-4.82,-5.82,-6.55,-6.76,-6.03,-5.55,-5.99,-6.43,-6.89,-7.42,-8.08,-8.95,-10.12,-11.77,-14.11
8.46,7.79,7.41,7.29,7.23,7.19,7.17,7.19,7.21,7.23,7.4,-1.06,3.02,-2.6,-4.17,-5.13,-6.72,-8.28,-9.25,-9.51,-9.17,-8.38,-8.25,-8.92,-9.63,-10.44,-11.49,-12.94,-14.98,-17.91,-22.1,-28.1
7.5,7.01,6.76,6.71,6.7,6.73,6.79,6.84,6.89,6.93,7.14,-1.09,3.02,-1.68,-3.44,-4.84,-6.23,-7.33,-8.15,-8.85,-9.25,-9.51,-9.97,-10.66,-11.51,-12.59,-14.02,-15.91,-18.42,-21.74,-26.12,-31.87
7.21,6.94,6.8,6.79,6.79,6.81,6.83,6.79,6.71,6.67,7.81,-0.88,3.04,-1.26,-2.7,-3.93,-5.08,-6.05,-6.69,-7.61,-9.08,-10.35,-11.26,-12.14,-12.89,-13.46,-13.79,-13.82,-13.44,-12.53,-10.91,-8.32
7.28,6.93,6.77,6.76,6.76,6.76,6.76,6.73,6.69,6.66,7.66,-0.79,3.05,-1.07,-2.03,-2.69,-3.56,-4.55,-5.51,-6.69,-8.14,-9.47,-10.55,-11.56,-12.45,-13.16,-13.63,-13.79,-13.53,-12.74,-11.26,-8.86
7.3,6.96,6.81,6.82,6.82,6.78,6.74,6.77,6.85,6.93,7.73,-0.44,3.07,-0.72,-1.55,-2.05,-2.61,-3.44,-4.23,-4.47,-4.44,-4.43,-4.54,-4.62,-4.72,-4.88,-5.13,-5.5,-6.02,-6.76,-7.76,-9.09
7.12,6.95,6.87,6.88,6.91,6.94,6.97,6.99,7,7.02,7.88,-0.34,3.09,0.41,0.05,-0.61,-1.57,-2.5,-3.13,-3.78,-4.47,-5.11,-5.66,-6.15,-6.51,-6.72,-6.72,-6.48,-5.95,-5.05,-3.72,-1.86
7.16,7,6.93,6.95,6.98,7.02,7.04,7.03,7.02,7.01,8.08,-0.21,3.11,0.83,0.92,0.63,-0.13,-1.11,-2.2,-3.35,-4.2,-4.95,-5.6,-6.15,-6.47,-6.52,-6.21,-5.48,-4.22,-2.32,0.35,3.98
8.36,8.01,7.78,7.68,7.61,7.58,7.55,7.47,7.37,7.33,8.34,-0.43,3.14,1.29,1.41,0.97,0.21,-0.75,-1.99,-3.81,-6.07,-8.1,-9.47,-10.62,-11.7,-12.6,-13.17,-13.24,-12.57,-10.86,-7.71,-2.57
8.98,8.53,8.27,8.22,8.17,8.05,7.89,7.73,7.57,7.51,8.71,-0.47,3.17,1.18,0.77,0.11,-0.47,-1.63,-3.25,-5.2,-7.49,-9.2,-10.17,-11.09,-11.92,-12.55,-12.8,-12.47,-11.26,-8.78,-4.5,2.36
8.71,8.3,8.09,8.06,8.03,7.97,7.87,7.68,7.46,7.36,8.73,-0.28,3.21,1.81,1.97,1.71,1.37,0.62,-0.68,-2.93,-6,-8.38,-9.53,-10.46,-11.27,-11.83,-11.95,-11.37,-9.77,-6.7,-1.52,6.69
8.87,8.49,8.31,8.31,8.31,8.2,8.02,7.79,7.55,7.45,8.66,-0.15,3.27,1.26,1.61,1.82,1.7,0.94,-0.25,-2.09,-4.65,-6.39,-7.01,-7.58,-8.06,-8.32,-8.22,-7.53,-5.98,-3.19,1.36,8.44
9,8.72,8.55,8.48,8.43,8.32,8.19,8,7.81,7.72,8.74,-0.18,3.33,1.06,1.15,1.03,0.94,0.41,-0.57,-2.23,-4.41,-5.87,-6.4,-6.91,-7.34,-7.58,-7.52,-6.97,-5.69,-3.38,0.38,6.19
9.72,8.97,8.61,8.6,8.59,8.5,8.36,8.2,8.02,7.95,9.21,-0.09,3.41,0.66,0.43,0.59,0.66,0.31,-0.35,-1.52,-3.21,-4.35,-4.72,-5.07,-5.34,-5.41,-5.14,-4.32,-2.68,0.16,4.72,11.8
8.21,8.11,8.06,8.05,8.04,8.03,8.01,7.97,7.92,7.9,9.08,-0.3,3.49,0.19,-0.41,-1.17,-1.69,-2.27,-2.93,-3.78,-4.78,-5.64,-6.24,-6.69,-6.91,-6.81,-6.31,-5.27,-3.54,-0.93,2.81,8.06
7.93,7.95,7.96,7.95,7.94,7.88,7.81,7.79,7.76,7.76,8.43,0.01,3.57,1.7,2.05,1.71,1.36,0.67,-0.26,-1.02,-1.65,-2.16,-2.59,-3,-3.33,-3.54,-3.56,-3.33,-2.75,-1.72,-0.11,2.25
7.66,7.53,7.48,7.52,7.57,7.59,7.61,7.63,7.64,7.66,8.24,-0.32,3.65,0.72,0.3,-0.47,-1.15,-1.97,-2.95,-3.85,-4.46,-4.94,-5.36,-5.77,-6.11,-6.36,-6.5,-6.5,-6.33,-5.95,-5.33,-4.41
7.35,7.34,7.34,7.35,7.36,7.35,7.34,7.35,7.38,7.42,8.41,-0.11,3.74,1.17,1.2,0.62,-0.15,-1.15,-2.2,-3,-3.41,-3.65,-3.84,-3.98,-3.98,-3.8,-3.41,-2.74,-1.75,-0.35,1.52,3.99
6.36,6.72,7.01,7.25,7.4,7.47,7.51,7.54,7.58,7.61,8.08,0.05,3.83,1.42,1.77,1.62,1.43,0.77,-0.39,-1.3,-1.47,-1.51,-1.48,-1.46,-1.42,-1.33,-1.22,-1.07,-0.9,-0.69,-0.46,-0.21
6.01,6.36,6.67,6.97,7.21,7.39,7.49,7.53,7.54,7.57,7.96,-0.05,3.92,0.49,0.39,0.27,0.49,0.66,0.38,-0.26,-0.67,-0.96,-1.17,-1.42,-1.66,-1.9,-2.12,-2.33,-2.51,-2.67,-2.78,-2.84
6.36,6.79,7.13,7.38,7.58,7.75,7.89,8.01,8.11,8.18,8.47,0.55,4.01,1.1,1.68,1.95,2.32,2.81,3.35,4.06,5.03,5.89,6.57,7.22,7.87,8.48,9.03,9.49,9.82,9.97,9.87,9.48
6.89,7.53,7.93,8.09,8.18,8.25,8.29,8.33,8.37,8.39,8.57,0.74,4.09,2.04,3.64,4.48,5.08,5.53,5.94,6.39,6.91,7.4,7.84,8.22,8.54,8.79,8.95,9.02,8.98,8.8,8.46,7.93
6.09,6.8,7.28,7.52,7.7,7.84,7.96,8.06,8.14,8.2,8.38,0.31,4.16,0.75,1.23,1.27,1.45,1.78,2.12,2.58,3.25,3.78,4.1,4.36,4.58,4.74,4.82,4.78,4.59,4.2,3.57,2.62
6.85,7.23,7.52,7.75,7.88,7.92,7.94,7.97,8,8.03,8.21,0.27,4.23,1.14,1.63,2.19,2.55,2.44,2.25,2.17,2.16,2.13,2.13,2.19,2.22,2.23,2.23,2.21,2.18,2.14,2.11,2.1
7.38,7.75,7.97,8.05,8.11,8.15,8.18,8.21,8.23,8.25,8.41,0.46,4.28,1.99,2.99,3.55,3.75,3.76,3.68,3.61,3.59,3.56,3.63,3.78,3.89,3.97,4.04,4.11,4.18,4.28,4.42,4.64
7.56,7.85,8.03,8.14,8.19,8.2,8.2,8.21,8.23,8.26,8.61,0.7,4.32,2.22,3.49,4.72,5.37,5.43,5.28,5.13,5.12,5.14,5.38,5.87,6.38,6.95,7.59,8.33,9.2,10.24,11.49,13.01
7.83,8.2,8.39,8.42,8.45,8.46,8.48,8.49,8.5,8.51,8.74,0.97,4.35,2.77,4.63,5.99,6.84,7.3,7.5,7.66,8,8.37,8.9,9.52,10.12,10.7,11.31,11.96,12.7,13.57,14.63,15.94
6.28,6.95,7.39,7.6,7.73,7.84,7.91,7.95,7.98,8.01,8.38,0.71,4.38,2.13,3.8,5.06,5.94,6.48,6.36,5.97,5.92,5.95,6.15,6.4,6.61,6.8,6.98,7.2,7.49,7.91,8.53,9.43
6.69,7.24,7.63,7.83,7.97,8.1,8.17,8.2,8.21,8.23,8.55,1.22,4.41,2.85,5.32,7.48,9.49,11.37,12.74,13.34,12.94,11.8,11.22,11.46,11.65,11.81,11.99,12.24,12.63,13.23,14.12,15.42
6.16,6.73,7.15,7.4,7.58,7.7,7.78,7.81,7.83,7.86,8.31,1.11,4.43,2.44,4.56,6.25,7.77,9.07,10.08,10.65,10.7,10.46,10.58,11.08,11.57,12.06,12.6,13.24,14.04,15.07,16.41,18.18
5.66,6.45,7,7.31,7.53,7.76,7.9,7.91,7.91,7.92,8.22,0.68,4.46,1.68,2.94,3.96,5.08,6.45,7.03,6.69,6.37,6.06,6.04,6.21,6.38,6.58,6.83,7.17,7.63,8.27,9.13,10.28
6.21,6.8,7.2,7.39,7.53,7.68,7.78,7.82,7.84,7.87,8.26,0.55,4.48,1.83,3.17,3.7,4.05,4.52,4.89,4.91,4.79,4.64,4.67,4.81,4.92,5.02,5.13,5.28,5.53,5.91,6.49,7.36
6.11,6.67,7.06,7.3,7.46,7.58,7.66,7.7,7.73,7.76,8.12,0.47,4.5,1.82,3.01,3.69,4.06,4.24,4.3,4.16,3.98,3.81,3.78,3.8,3.77,3.7,3.63,3.57,3.59,3.72,4.05,4.66
6.14,6.64,7,7.24,7.41,7.54,7.62,7.69,7.74,7.79,8.28,0.49,4.52,1.52,2.53,3.33,3.91,4.19,4,3.68,3.65,3.71,3.93,4.23,4.53,4.83,5.16,5.53,5.97,6.52,7.21,8.1
6.75,7.25,7.58,7.73,7.84,7.92,7.97,7.99,8.01,8.03,8.41,0.72,4.53,1.89,3.6,4.62,5.44,6.07,6.31,6.3,6.32,6.36,6.56,6.81,7.02,7.22,7.42,7.68,8.06,8.62,9.46,10.69
6.47,7.04,7.32,7.5,7.64,7.75,7.82,7.88,7.93,7.96,8.17,0.75,4.55,1.9,3.3,4.48,5.47,6.21,6.57,6.82,7.24,7.64,8.01,8.33,8.57,8.73,8.8,8.77,8.65,8.43,8.12,7.72
6.13,6.77,7.09,7.35,7.55,7.7,7.81,7.89,7.95,8,8.22,0.61,4.57,1.18,2.13,3.07,3.96,4.66,5.07,5.38,5.92,6.42,6.87,7.29,7.68,8.02,8.31,8.53,8.66,8.7,8.63,8.43
5.91,6.52,6.76,7.01,7.24,7.42,7.57,7.68,7.77,7.82,7.97,0.51,4.58,0.78,1.18,1.89,2.8,3.76,4.61,5.31,5.97,6.36,6.59,6.86,7.06,7.18,7.23,7.21,7.14,7.04,6.93,6.85
5.79,6.35,6.62,6.89,7.13,7.33,7.49,7.58,7.65,7.7,7.94,0.34,4.6,0.26,0.43,0.91,1.65,2.51,3.23,3.67,4.03,4.21,4.38,4.64,4.88,5.1,5.28,5.42,5.51,5.56,5.55,5.48
5.5,6.05,6.35,6.61,6.86,7.12,7.34,7.45,7.54,7.6,7.99,0.1,4.62,-0.46,-0.92,-1.12,-0.87,-0.07,0.7,1.06,1.41,1.68,1.97,2.36,2.8,3.29,3.79,4.26,4.67,4.95,5.05,4.87
4.95,5.44,5.72,5.92,6.11,6.3,6.51,6.79,7.09,7.29,7.83,-0.18,4.63,-1,-2.04,-2.97,-3.7,-4.08,-4.04,-3.09,-1.41,-0.26,0.11,0.58,1.07,1.56,2.01,2.36,2.56,2.56,2.27,1.63
4.86,5.36,5.73,5.99,6.2,6.37,6.52,6.7,6.88,7.01,7.46,-0.57,4.64,-1.13,-2.12,-3.04,-3.83,-4.53,-5.09,-5.22,-5.06,-5.17,-5.59,-5.91,-6.21,-6.51,-6.85,-7.25,-7.75,-8.39,-9.21,-10.28
5.57,6.2,6.54,6.73,6.89,7.1,7.28,7.4,7.5,7.56,7.81,-0.26,4.64,-0.42,-0.91,-1.4,-1.79,-1.72,-1.53,-1.5,-1.48,-1.69,-2.05,-2.4,-2.78,-3.19,-3.67,-4.22,-4.86,-5.63,-6.54,-7.62
5.56,6.1,6.54,6.84,7.07,7.22,7.35,7.45,7.54,7.61,7.98,-0.24,4.65,-0.69,-1.1,-1.35,-1.51,-1.68,-1.84,-1.93,-1.99,-2.15,-2.36,-2.48,-2.57,-2.64,-2.72,-2.83,-3.03,-3.35,-3.86,-4.63
5.41,6.03,6.46,6.79,7.03,7.21,7.33,7.43,7.52,7.58,7.98,-0.34,4.66,-0.82,-1.43,-1.81,-1.99,-2.17,-2.35,-2.57,-2.85,-3.23,-3.59,-3.82,-4.01,-4.16,-4.29,-4.46,-4.68,-5.01,-5.51,-6.25
5.6,6.16,6.5,6.75,6.98,7.21,7.38,7.48,7.56,7.61,7.96,-0.42,4.67,-0.99,-2.08,-2.56,-2.89,-2.93,-2.86,-3.1,-3.44,-3.88,-4.28,-4.58,-4.83,-5.04,-5.25,-5.49,-5.77,-6.16,-6.71,-7.47
5.86,6.19,6.52,6.75,6.93,7.12,7.27,7.38,7.46,7.53,7.93,-0.65,4.68,-1.42,-2.56,-3.52,-4.23,-4.65,-5.03,-5.52,-6.01,-6.57,-7.1,-7.46,-7.75,-7.97,-8.15,-8.33,-8.56,-8.88,-9.38,-10.14
5.72,6.09,6.36,6.57,6.76,6.95,7.11,7.2,7.28,7.34,7.88,-0.95,4.7,-1.92,-3.62,-5.06,-6,-6.51,-7,-7.7,-8.66,-9.92,-10.96,-11.58,-12.09,-12.48,-12.77,-13,-13.18,-13.37,-13.61,-13.96
6.22,6.51,6.73,6.92,7.08,7.25,7.37,7.44,7.49,7.53,7.9,-0.77,4.7,-1.53,-2.98,-3.97,-4.67,-5.04,-5.38,-5.93,-6.77,-7.95,-8.91,-9.47,-9.95,-10.35,-10.68,-10.96,-11.21,-11.46,-11.76,-12.13
6.36,6.6,6.75,6.87,6.98,7.08,7.17,7.25,7.32,7.38,7.72,-0.79,4.71,-1.64,-3.04,-4.01,-5.07,-5.99,-6.69,-7.3,-7.74,-8.08,-8.48,-8.86,-9.16,-9.39,-9.59,-9.81,-10.11,-10.56,-11.27,-12.35
6.66,6.83,6.95,7.05,7.14,7.23,7.31,7.38,7.45,7.5,7.77,-0.87,4.72,-1.82,-3.19,-3.86,-4.87,-5.72,-6.55,-7.38,-8.05,-8.74,-9.46,-10.14,-10.76,-11.36,-11.95,-12.56,-13.24,-14.02,-14.99,-16.19
7.05,7.24,7.35,7.41,7.46,7.52,7.58,7.62,7.65,7.67,7.87,-1.06,4.73,-2.49,-3.92,-5.26,-6.52,-7.49,-8.03,-8.61,-9.51,-10.42,-11.31,-12.12,-12.85,-13.52,-14.12,-14.7,-15.26,-15.85,-16.5,-17.27
6.92,7.12,7.23,7.32,7.39,7.44,7.49,7.53,7.57,7.61,7.91,-1,4.73,-2.77,-4.25,-4.95,-5.78,-6.65,-7.63,-8.56,-9.38,-10.15,-10.88,-11.53,-12.08,-12.55,-12.94,-13.27,-13.57,-13.87,-14.2,-14.62
6.98,7.23,7.38,7.49,7.57,7.65,7.71,7.77,7.82,7.86,8.15,-1.01,4.74,-3.08,-4.73,-5.62,-6.49,-7.3,-8.13,-8.9,-9.56,-10.19,-10.77,-11.21,-11.52,-11.7,-11.78,-11.79,-11.76,-11.74,-11.8,-12.01
7.26,7.48,7.58,7.67,7.75,7.82,7.88,7.93,7.97,8.01,8.35,-0.73,4.75,-2.43,-3.73,-3.86,-4.29,-4.77,-5.38,-5.99,-6.64,-7.33,-7.93,-8.37,-8.71,-8.97,-9.13,-9.2,-9.17,-9.05,-8.83,-8.52
7.32,7.58,7.72,7.82,7.89,7.95,7.99,8.04,8.07,8.1,8.36,-0.85,4.76,-2.48,-3.89,-4.22,-4.99,-5.78,-6.48,-7.15,-7.76,-8.35,-8.93,-9.46,-9.9,-10.28,-10.59,-10.87,-11.12,-11.39,-11.72,-12.14
7.48,7.71,7.85,7.94,8,8.05,8.09,8.14,8.18,8.22,8.45,-0.7,4.76,-2.22,-3.32,-3.6,-4.22,-4.87,-5.48,-6.01,-6.48,-6.94,-7.4,-7.79,-8.09,-8.33,-8.52,-8.68,-8.84,-9.05,-9.36,-9.82
7.7,7.98,7.99,8.04,8.11,8.16,8.19,8.23,8.26,8.29,8.48,-0.84,4.77,-2.02,-3.51,-3.96,-4.53,-5.23,-6.05,-6.85,-7.7,-8.61,-9.48,-10.2,-10.84,-11.4,-11.86,-12.22,-12.48,-12.63,-12.67,-12.6
7.94,8.13,8.21,8.26,8.3,8.34,8.38,8.42,8.45,8.47,8.58,-0.5,4.78,-1.59,-2.38,-2.35,-2.59,-2.83,-3.15,-3.47,-3.9,-4.5,-5.1,-5.55,-5.98,-6.39,-6.79,-7.19,-7.6,-8.04,-8.53,-9.08
8.38,8.49,8.54,8.52,8.5,8.5,8.51,8.55,8.62,8.67,8.72,-0.13,4.8,-0.8,-0.66,-0.55,-0.77,-0.93,-1.11,-1.01,-0.77,-0.9,-1.19,-1.24,-1.28,-1.31,-1.35,-1.39,-1.45,-1.52,-1.62,-1.76
8.33,8.48,8.47,8.47,8.46,8.46,8.46,8.49,8.56,8.6,8.63,-0.36,4.81,-1.12,-1.48,-1.49,-1.9,-2.35,-3,-3.41,-3.32,-3.32,-3.61,-3.89,-4.16,-4.41,-4.66,-4.9,-5.14,-5.37,-5.62,-5.87
8.48,8.46,8.37,8.4,8.42,8.42,8.42,8.41,8.39,8.38,8.47,-0.71,4.83,-1.95,-2.97,-3.35,-3.85,-4.46,-5.14,-5.9,-6.72,-7.45,-8.05,-8.59,-9.07,-9.48,-9.8,-10.02,-10.14,-10.12,-9.95,-9.6
8.81,8.69,8.47,8.48,8.49,8.51,8.54,8.55,8.56,8.57,8.69,-0.76,4.85,-2.21,-3.52,-3.99,-4.36,-4.73,-5.41,-6.17,-6.93,-7.66,-8.32,-8.9,-9.4,-9.81,-10.12,-10.32,-10.39,-10.31,-10.07,-9.64
9.91,9.46,9.29,9.19,9.11,9,8.93,8.91,8.9,8.89,8.83,-1.58,4.88,-3.86,-6.05,-7.75,-9.4,-11.2,-12.84,-14.04,-15.1,-16.04,-17.04,-18.07,-18.96,-19.73,-20.4,-21.01,-21.59,-22.21,-22.93,-23.84
10.08,9.52,9.1,8.95,8.87,8.86,8.84,8.83,8.82,8.8,8.73,-1.42,4.91,-2.92,-5.36,-6.03,-7.32,-8.67,-10.38,-12.14,-13.74,-15.07,-16.3,-17.52,-18.66,-19.7,-20.61,-21.38,-21.99,-22.39,-22.55,-22.44
10.56,9.94,9.53,9.35,9.24,9.19,9.15,9.12,9.09,9.06,8.83,-1.24,4.94,-2.37,-4.37,-4.76,-5.77,-6.87,-8.23,-9.64,-11.03,-12.42,-13.8,-15.17,-16.54,-17.87,-19.16,-20.38,-21.49,-22.47,-23.28,-23.86
10.12,9.61,9.09,8.94,8.88,8.88,8.88,8.89,8.91,8.92,8.83,-2.08,4.97,-3.29,-6.24,-7.63,-9.9,-12.06,-14.32,-16.51,-18.61,-20.76,-22.99,-25.24,-27.53,-29.86,-32.25,-34.72,-37.28,-39.98,-42.84,-45.9
10.32,9.86,9.39,9.28,9.23,9.19,9.16,9.14,9.12,9.11,9.05,-2.99,5,-6.04,-11.48,-14.72,-18.22,-21.54,-24.32,-26.82,-29.1,-31.12,-33.11,-35.04,-36.67,-38.02,-39.14,-40.09,-40.95,-41.84,-42.89,-44.27
10.16,9.69,9.28,9.18,9.14,9.11,9.09,9.08,9.07,9.06,9.02,-3.17,5.04,-6.55,-11.35,-13.88,-17.57,-21.04,-22.78,-24.39,-27.44,-30.62,-33.8,-36.87,-39.84,-42.72,-45.51,-48.23,-50.9,-53.54,-56.2,-58.92
10.29,9.89,9.48,9.35,9.29,9.28,9.28,9.3,9.32,9.33,9.14,-1.43,5.07,-1.63,-3.43,-4.82,-6.77,-8.74,-10,-11.05,-12.36,-13.74,-15.24,-16.81,-18.51,-20.37,-22.44,-24.76,-27.4,-30.41,-33.88,-37.9
9.91,9.54,9.15,9.04,8.99,8.98,8.98,9,9.03,9.05,9.09,-1.16,5.11,0.34,-1,-1.65,-3.39,-5.99,-7.92,-9.66,-11.28,-12.96,-14.7,-16.46,-18.32,-20.28,-22.33,-24.43,-26.56,-28.67,-30.69,-32.55
9.39,8.95,8.75,8.72,8.72,8.72,8.72,8.75,8.8,8.83,8.83,-1.09,5.14,0,-1.15,-2.2,-3.42,-4.85,-6.58,-8.43,-10.71,-13.56,-15.84,-17.08,-18.32,-19.56,-20.79,-22.01,-23.22,-24.42,-25.59,-26.74
9.74,9.28,9.01,8.97,8.96,8.98,9,9,9,8.99,8.95,-1.57,5.18,-0.54,-2.2,-3.84,-5.23,-6.55,-8.56,-11.31,-14.61,-18.39,-21.38,-23.37,-25.38,-27.41,-29.45,-31.49,-33.54,-35.57,-37.6,-39.61
10.39,9.81,9.49,9.37,9.3,9.27,9.24,9.22,9.2,9.17,8.96,-2.13,5.22,-1.93,-4.68,-7.43,-10.44,-13.34,-15.82,-18.22,-20.53,-22.7,-24.91,-27.19,-29.46,-31.71,-33.96,-36.2,-38.46,-40.75,-43.1,-45.52
10.79,10.06,9.7,9.5,9.4,9.4,9.4,9.4,9.39,9.39,9.16,-2.32,5.26,-2.96,-5.93,-8.93,-11.46,-13.56,-15.92,-18.35,-20.84,-23.36,-25.94,-28.57,-31.24,-33.96,-36.75,-39.61,-42.54,-45.56,-48.68,-51.91
12.87,12,11.54,11.26,11.06,10.9,10.77,10.66,10.56,10.49,10.03,-1.92,5.3,-2.64,-4.31,-6.57,-8.71,-10.74,-12.63,-14.59,-16.82,-19.01,-21.31,-23.83,-26.45,-29.16,-31.91,-34.66,-37.37,-39.95,-42.32,-44.38
11.87,11.29,10.58,10.4,10.34,10.37,10.38,10.37,10.34,10.3,9.77,-2.24,5.35,-4.4,-8.21,-10.97,-13.01,-14.39,-15.65,-17.18,-19.25,-21.48,-23.65,-25.72,-27.76,-29.77,-31.76,-33.75,-35.76,-37.83,-39.99,-42.28
11.69,11.2,10.53,10.35,10.29,10.29,10.29,10.28,10.28,10.27,9.94,-1.95,5.4,-3.14,-6.1,-8.61,-10.7,-12.42,-14.22,-16.1,-18.08,-20.13,-22.13,-24,-25.8,-27.5,-29.09,-30.54,-31.84,-32.97,-33.89,-34.59
12.39,11.7,11.09,11.05,11.04,11.06,11.07,11.08,11.09,11.1,11.18,-1.42,5.46,-2.97,-5.51,-7.15,-8.45,-9.57,-10.84,-12.16,-13.47,-14.78,-15.99,-17.05,-18,-18.82,-19.48,-19.97,-20.26,-20.33,-20.15,-19.69
15.44,14.66,13.85,13.51,13.27,13.02,12.8,12.61,12.43,12.29,11.31,-1.22,5.53,-0.69,-1.97,-3.1,-4.25,-5.74,-7.19,-8.72,-10.49,-12.22,-13.99,-16.02,-18.19,-20.46,-22.78,-25.07,-27.24,-29.21,-30.85,-31.99
15.77,14.52,13.49,13.27,13.1,12.71,12.41,12.36,12.34,12.33,12.05,-0.85,5.59,0.21,-1.68,-2.56,-3.8,-6.69,-9.19,-9.88,-10.22,-10.27,-10.54,-11.08,-11.62,-12.18,-12.73,-13.29,-13.85,-14.41,-14.96,-15.5
11.11,10.79,10.64,10.74,10.83,10.78,10.73,10.74,10.75,10.76,11.15,-2.73,5.66,-4.85,-8.78,-12.04,-14.89,-18.19,-21.29,-23.94,-26.58,-29.14,-31.64,-34,-36.09,-37.92,-39.47,-40.74,-41.73,-42.48,-43.01,-43.38
8.84,9.27,9.3,9.61,9.99,10.14,10.25,10.33,10.39,10.44,10.75,-2.45,5.73,-5.09,-9.67,-13.22,-15.27,-17.37,-18.87,-20.21,-22.07,-24.03,-26.04,-27.88,-29.5,-30.94,-32.22,-33.43,-34.65,-36,-37.64,-39.77
8.5,9,9.23,9.4,9.55,9.71,9.86,10.06,10.27,10.36,10.2,-2.97,5.81,-5.37,-10.09,-14.52,-18.08,-21,-24.01,-26.23,-27.19,-28.27,-30.57,-33.32,-35.92,-38.4,-40.79,-43.14,-45.52,-47.99,-50.65,-53.64
9.37,9.74,9.99,10.07,10.14,10.31,10.51,10.73,10.96,11.05,10.98,-3.02,5.87,-5.99,-11.02,-15.82,-20.01,-22.98,-24.65,-25.64,-26.62,-28.44,-31.21,-33.78,-36.12,-38.26,-40.2,-41.99,-43.68,-45.33,-47.03,-48.89
11.15,11.38,11.51,11.64,11.71,11.69,11.65,11.61,11.56,11.52,11.27,-3.19,5.92,-5.37,-10.05,-13.32,-17.04,-20.97,-23.81,-26.16,-28.93,-31.61,-34.54,-37.76,-40.89,-43.94,-46.92,-49.87,-52.81,-55.78,-58.84,-62.07
12.29,12.12,12.04,11.92,11.83,11.82,11.82,11.82,11.83,11.83,11.79,-3.45,5.97,-4.71,-9.57,-13.84,-18.3,-22.32,-25.75,-28.82,-31.71,-34.44,-37.61,-41.29,-44.97,-48.64,-52.33,-56.04,-59.81,-63.63,-67.55,-71.59
13.76,13.02,12.92,12.79,12.66,12.53,12.43,12.38,12.33,12.31,12.22,-2.14,6.03,-2.04,-4.25,-6.65,-9.58,-12.75,-15.53,-17.93,-20.12,-22.01,-24.1,-26.6,-29.17,-31.81,-34.56,-37.49,-40.67,-44.22,-48.3,-53.13
15.1,14.04,13.57,13.21,12.94,12.74,12.61,12.55,12.51,12.46,11.82,-0.85,6.08,1.15,0.79,-0.96,-1.86,-2.84,-4,-5.19,-7.1,-9.89,-12.22,-13.65,-15.23,-16.99,-18.9,-20.97,-23.18,-25.53,-27.97,-30.5
13.84,13,12.78,12.61,12.49,12.42,12.38,12.36,12.34,12.32,11.54,-1.75,6.14,-1.21,-2.82,-5.59,-7.52,-9.34,-11.18,-12.95,-14.74,-16.68,-18.85,-21.19,-23.76,-26.58,-29.72,-33.2,-37.1,-41.47,-46.38,-51.89
13.98,13.2,12.98,12.81,12.7,12.66,12.63,12.62,12.6,12.58,12.08,-1.6,6.18,-1.63,-3.56,-5.55,-7.51,-9.24,-10.96,-12.65,-14.02,-15.14,-16.61,-18.58,-20.68,-22.96,-25.44,-28.21,-31.32,-34.9,-39.05,-43.96
14.58,14.04,13.9,13.79,13.68,13.56,13.45,13.37,13.3,13.24,12.76,-0.89,6.22,-0.78,-1.79,-2.77,-3.19,-3.42,-4.56,-5.69,-6.75,-7.76,-8.98,-10.52,-12.21,-14.05,-16.03,-18.17,-20.44,-22.85,-25.38,-28.04
13.05,13.18,13.29,13.38,13.43,13.38,13.29,13.19,13.08,13.01,12.68,-0.84,6.25,-0.99,-2.25,-3.11,-3.71,-4.6,-6.15,-7.9,-9.39,-10.11,-10.61,-11.42,-12.13,-12.72,-13.21,-13.58,-13.86,-14.06,-14.21,-14.34
15.32,14.79,14.62,14.48,14.36,14.22,14.11,14.02,13.95,13.9,13.43,-0.02,6.27,0.6,0.52,0.56,0.63,0.58,0.21,-0.15,-0.59,-1.04,-1.53,-2.05,-2.52,-2.87,-3.01,-2.83,-2.2,-0.99,0.99,3.95
14.8,14.36,14.27,14.1,13.88,13.63,13.43,13.35,13.29,13.25,12.95,-0.43,6.29,0.99,0.66,0.24,-0.56,-2.04,-4.06,-5.58,-6.12,-5.93,-5.96,-6.59,-7.3,-8.07,-8.88,-9.71,-10.52,-11.25,-11.83,-12.17
14.86,14.64,14.54,14.34,14.15,14.09,14.03,13.89,13.7,13.57,13.12,-0.67,6.31,0.07,-0.62,-1.97,-3.02,-3.51,-4.52,-6.33,-8.11,-8.71,-8.9,-9.67,-10.41,-11.09,-11.7,-12.23,-12.67,-13.01,-13.22,-13.31
16.11,15.81,15.57,15.34,15.09,14.81,14.59,14.48,14.4,14.33,13.61,0.43,6.36,2.93,4.16,4.37,4.28,3.62,3.01,2.92,3.14,3.63,3.88,3.7,3.34,2.79,2.1,1.29,0.41,-0.45,-1.22,-1.77
16.97,16.7,16.24,16.11,15.99,15.71,15.41,15.23,15.07,14.98,14.56,1.94,6.4,5.28,7.63,10.09,12.43,13.38,13.1,13.3,14.44,16.2,18.27,20.17,22.04,23.92,25.85,27.9,30.15,32.69,35.65,39.21
16.66,16.7,16.41,16.29,16.19,16.03,15.87,15.74,15.61,15.55,15.54,3.42,6.46,6.45,9.96,13.68,17.4,20.65,23.72,26.67,29.46,32.71,36.49,40.27,44.08,47.93,51.86,55.89,60.06,64.43,69.04,73.96
14.32,14.62,14.68,14.77,14.83,14.8,14.74,14.67,14.6,14.56,15.11,3.51,6.5,5.69,9.93,13.47,17.48,21.09,24.4,27.59,30.73,34.17,37.97,41.74,45.52,49.38,53.38,57.61,62.21,67.38,73.36,80.54
11.83,12.4,12.9,12.87,12.84,12.86,12.93,13.07,13.27,13.36,13.25,2.25,6.53,3.59,6.88,9.28,11.28,13.11,14.69,16.94,20.4,23.25,25.32,27.66,30,32.34,34.68,37.02,39.36,41.7,44.04,46.38
13.36,13.66,14.06,14.03,14.01,14,14,14,14,14.01,14.18,3.22,6.56,5.27,9.78,13.37,16.64,19.7,22.45,25.36,28.87,32.45,35.98,39.39,42.73,45.98,49.13,52.16,55.05,57.77,60.3,62.6
14.05,14.26,14.28,14.26,14.24,14.24,14.23,14.18,14.11,14.07,14.38,2.86,6.58,5.55,9.54,13.01,16.28,19.26,21.35,23.11,25.33,27.89,30.74,33.37,35.89,38.29,40.62,42.9,45.19,47.57,50.14,53.05
14.28,14.46,14.45,14.26,14.04,14.02,14,13.98,13.95,13.94,14.22,3.14,6.6,6.02,10.38,13.95,16.83,20.28,23.63,26.68,29.28,31.72,34.35,37.06,39.6,42.02,44.36,46.73,49.23,52.06,55.43,59.65
14.3,14.54,14.53,14.45,14.36,14.35,14.34,14.26,14.13,14.01,13.41,2.78,6.61,5.43,9.49,13.27,16.66,20.12,23,25.24,27.22,29.21,31.36,33.19,34.74,36.04,37.12,38.04,38.9,39.8,40.91,42.43
13.68,14.02,14.02,13.96,13.88,13.87,13.86,13.86,13.85,13.85,12.95,2.9,6.63,5.6,9.61,13.27,16.53,19.72,22.44,25.11,28.17,31.26,34.17,36.76,38.98,40.78,42.09,42.84,43,42.49,41.28,39.34
12.94,13.68,13.78,13.79,13.8,13.87,13.93,13.86,13.74,13.65,13.5,2.48,6.64,4.93,8.31,11.46,14.23,17.1,19.74,21.61,23.33,25.27,27.62,29.76,31.73,33.5,35.05,36.36,37.39,38.11,38.45,38.37
14.35,14.69,14.82,14.73,14.64,14.65,14.66,14.57,14.4,14.26,13.74,2.75,6.65,5.33,9.58,13.2,16.16,19.26,22.39,24.94,26.8,28.73,31.03,33.02,34.75,36.23,37.47,38.5,39.37,40.14,40.88,41.72
12.58,13.23,13.62,13.77,13.83,13.84,13.83,13.79,13.73,13.68,13.57,1.71,6.65,3.38,6.14,8.68,10.56,11.94,13.34,14.66,16.03,17.48,19.08,20.53,21.82,22.94,23.83,24.48,24.84,24.87,24.49,23.65
11.16,12.06,12.46,12.64,12.78,12.97,13.08,13.03,12.96,12.88,12.31,0.75,6.65,2.36,3.77,4.86,5.79,7.18,8.33,8.56,8.75,8.87,8.96,8.82,8.49,7.95,7.18,6.15,4.86,3.26,1.34,-0.94
10.3,11.31,11.61,11.72,11.78,11.79,11.79,11.79,11.79,11.79,11.54,0.37,6.63,2.42,3.38,4.05,4.15,3.84,3.48,3.23,3.35,3.48,3.52,3.38,3.09,2.63,1.95,1.03,-0.2,-1.78,-3.78,-6.28
9.22,9.89,10.44,10.59,10.67,10.74,10.78,10.79,10.79,10.8,10.93,-0.71,6.61,0.73,0.76,-0.05,-1.15,-2.39,-3.9,-5.54,-7,-8.41,-9.77,-11.17,-12.65,-14.2,-15.81,-17.46,-19.11,-20.72,-22.24,-23.59
9.39,10,10.12,10.27,10.45,10.66,10.83,10.9,10.95,10.96,10.88,-0.63,6.58,0.61,-0.47,-1.37,-2.26,-2.83,-3.44,-4.34,-4.88,-5.68,-6.8,-8.06,-9.42,-10.87,-12.44,-14.14,-15.98,-17.97,-20.14,-22.52
8.69,9.53,9.8,10.01,10.19,10.36,10.46,10.47,10.47,10.48,11.03,-0.95,6.54,0.28,-1.09,-2.24,-3.66,-5.04,-6.58,-8.49,-10.07,-11.52,-12.86,-14.22,-15.51,-16.72,-17.82,-18.8,-19.62,-20.24,-20.61,-20.67
8.92,9.62,10,10.22,10.42,10.7,10.9,10.95,10.98,11.01,11.7,-0.37,6.51,0.47,-0.19,-0.91,-1.79,-2.1,-2.42,-3.5,-4.48,-5.33,-5.93,-6.41,-6.82,-7.14,-7.33,-7.36,-7.17,-6.7,-5.86,-4.55
8.61,9.35,9.6,9.77,9.91,10.02,10.13,10.25,10.38,10.48,11.07,-1.16,6.48,-0.13,-1.89,-3.37,-5.49,-7.95,-10.15,-11.79,-12.73,-13.64,-14.67,-15.62,-16.47,-17.26,-18.04,-18.87,-19.83,-21.05,-22.68,-24.91
9.34,9.9,10.08,10.21,10.34,10.51,10.65,10.7,10.73,10.76,11.16,-1.32,6.44,-0.35,-2.42,-4.3,-6.47,-8.36,-10.04,-12.06,-14.03,-15.94,-17.51,-18.77,-19.93,-20.98,-21.92,-22.74,-23.45,-24.05,-24.54,-24.91
8.75,9.38,9.63,9.8,9.96,10.15,10.3,10.35,10.4,10.43,10.87,-1.89,6.4,-1.11,-3.77,-6.39,-9.04,-11.37,-13.72,-16.37,-18.83,-21.21,-23.4,-25.44,-27.4,-29.28,-31.08,-32.81,-34.46,-36.05,-37.59,-39.11
9.49,10.05,10.25,10.46,10.64,10.81,10.91,10.92,10.92,10.93,11.65,-2.3,6.36,-1.55,-4.87,-7.94,-11.19,-14.27,-17.14,-20.42,-23.64,-26.75,-29.58,-32.15,-34.54,-36.68,-38.49,-39.89,-40.74,-40.91,-40.19,-38.34
9.71,10.26,10.45,10.67,10.85,10.97,11.04,11.05,11.06,11.07,11.61,-2.16,6.31,-1.51,-4.85,-7.77,-10.39,-13.06,-15.9,-18.94,-21.82,-24.6,-27.18,-29.6,-31.86,-33.92,-35.73,-37.23,-38.33,-38.93,-38.93,-38.15
10.49,11.07,11.27,11.5,11.7,11.82,11.87,11.87,11.86,11.86,12.51,-0.68,6.26,-0.23,-1.93,-2.74,-3.4,-4.19,-5.17,-6.41,-7.5,-8.54,-9.46,-10.24,-10.88,-11.35,-11.59,-11.57,-11.22,-10.49,-9.27,-7.47
10.6,11.22,11.51,11.73,11.9,12.01,12.08,12.09,12.09,12.1,12.48,-0.35,6.21,-0.13,-1.24,-1.61,-2.08,-2.69,-3.46,-4.4,-4.96,-5.21,-5.32,-5.44,-5.41,-5.22,-4.86,-4.32,-3.6,-2.69,-1.59,-0.29
9.9,10.57,10.85,11.11,11.32,11.46,11.54,11.56,11.57,11.58,12.01,-0.5,6.16,-0.2,-1.59,-2.48,-3.21,-3.93,-4.73,-5.77,-6.51,-6.88,-7.11,-7.34,-7.42,-7.31,-7.03,-6.55,-5.88,-5.02,-3.97,-2.73
9.83,10.66,11.06,11.32,11.52,11.69,11.8,11.86,11.9,11.94,12.26,0.39,6.11,1.22,1.06,1.17,1.47,1.9,2.27,2.42,2.45,2.44,2.73,3.38,4.15,5.05,6.08,7.25,8.55,10,11.58,13.27
9.99,10.72,11.03,11.28,11.48,11.64,11.74,11.76,11.77,11.78,12.2,0.37,6.08,1.72,1.98,2.31,2.71,2.96,2.41,1.7,1.87,2.14,2.51,2.89,3.31,3.77,4.27,4.79,5.35,5.94,6.55,7.17
10.09,10.9,11.2,11.48,11.71,11.86,11.94,11.96,11.96,11.97,12.29,0.56,6.05,2.48,3.37,3.99,4.59,4.79,3.88,2.9,3.2,3.61,4.09,4.53,4.98,5.45,5.91,6.38,6.83,7.27,7.67,8.02
9.86,10.63,10.96,11.25,11.48,11.63,11.74,11.79,11.83,11.86,12.09,0.76,6.02,2.3,3.12,3.79,4.7,5.43,5.57,5.58,6.07,6.61,7.23,7.89,8.56,9.24,9.91,10.56,11.18,11.75,12.23,12.58
10.22,11.04,11.28,11.61,11.89,12.07,12.17,12.19,12.21,12.22,12.55,0.41,5.99,2.14,2.19,2.85,3.48,3.61,3.15,2.56,2.76,3.08,3.44,3.74,4.02,4.26,4.44,4.54,4.51,4.32,3.89,3.15
10.81,11.66,11.93,12.2,12.42,12.54,12.62,12.66,12.69,12.7,12.55,0.92,5.96,3.01,4.01,5.39,6.54,7.22,7.45,7.78,8.8,9.67,10.26,10.68,10.97,11.13,11.11,10.88,10.41,9.64,8.5,6.91
11.13,11.95,12.28,12.52,12.71,12.84,12.92,12.95,12.97,12.99,13.04,1.42,5.93,3.77,5.79,7.51,9.17,10.54,11.07,11.49,12.75,14.05,15.25,16.26,17.17,17.95,18.58,19.05,19.31,19.34,19.09,18.51
12.18,13.07,13.43,13.73,13.93,14,14.04,14.05,14.06,14.06,13.68,3.24,5.9,5.99,10.17,14.71,19.17,22.87,25.31,27.55,30.83,34.12,37.18,39.94,42.49,44.78,46.73,48.28,49.32,49.71,49.31,47.92
12.33,13.25,13.58,13.74,13.84,13.91,13.95,13.95,13.95,13.94,13.64,3.21,5.87,6.45,10.96,15.15,18.88,22.16,24.68,27,29.97,32.97,35.85,38.5,40.93,43.13,45.07,46.71,48.02,48.98,49.52,49.63
11.87,12.63,12.76,12.85,12.92,12.96,12.98,12.97,12.97,12.96,13.03,2.12,5.84,5.25,8.27,10.87,13.27,15.29,16.4,17.31,18.94,20.67,22.37,23.9,25.29,26.57,27.74,28.81,29.83,30.82,31.85,32.97
11.97,12.59,12.65,12.74,12.83,12.9,12.93,12.9,12.84,12.8,12.6,2.13,5.8,5.16,7.96,10.8,13.62,16.12,17.5,18.44,20.11,21.87,23.6,25.02,26.21,27.18,27.91,28.39,28.62,28.59,28.3,27.77
11.44,12.12,12.34,12.48,12.56,12.61,12.62,12.59,12.53,12.48,12.26,1.83,5.77,4.8,7.72,10.43,12.9,14.9,15.97,16.6,17.67,18.83,19.96,20.77,21.32,21.61,21.65,21.45,21.02,20.38,19.56,18.62
10.27,11.15,11.43,11.58,11.68,11.75,11.81,11.86,11.9,11.92,11.61,1.58,5.73,4.1,6.54,8.68,10.66,12.35,13.45,14.53,16.03,17.34,18.31,19.03,19.53,19.77,19.72,19.32,18.54,17.3,15.54,13.19
9.72,10.55,10.94,11.18,11.38,11.62,11.77,11.76,11.74,11.74,11.99,1.91,5.69,3.53,6.11,8.76,11.36,14.23,15.99,16.75,18.31,20.02,21.66,23.08,24.37,25.54,26.56,27.43,28.12,28.61,28.87,28.87
9.23,10.07,10.61,10.96,11.25,11.6,11.81,11.79,11.78,11.77,12.04,2.45,5.65,3.31,6.61,9.85,13.41,17.63,20.57,21.99,24.13,26.41,28.66,30.69,32.6,34.4,36.06,37.59,38.96,40.16,41.17,41.95
9.1,9.95,10.45,10.71,10.9,11.12,11.27,11.32,11.35,11.37,11.53,2.05,5.6,3.23,6.22,8.86,11.63,14.66,16.86,18.28,20.02,21.75,23.47,25.1,26.61,28.01,29.29,30.43,31.43,32.28,32.97,33.47
9.73,10.72,11.12,11.44,11.72,11.97,12.11,12.11,12.1,12.1,12.6,3.64,5.56,4.28,8.18,12.62,17.36,22.4,26.89,30.43,34.06,37.78,41.6,45.44,49.32,53.28,57.35,61.55,65.93,70.54,75.46,80.77
9.5,10.49,10.87,11.19,11.45,11.68,11.81,11.83,11.83,11.84,12.36,4.12,5.52,4.76,9.27,14.14,19.14,24.47,29.84,34.48,38.6,42.29,46.36,50.96,55.68,60.53,65.55,70.78,76.24,81.98,88.07,94.57
9,9.97,10.48,10.81,11.07,11.37,11.57,11.61,11.63,11.65,12.24,3.94,5.48,4.39,8.77,13.1,17.82,23.24,28.49,32.78,36.83,40.86,45.11,49.52,54,58.57,63.26,68.11,73.14,78.42,84,89.95
7.99,8.97,9.34,9.58,9.8,10.13,10.39,10.44,10.48,10.51,11.36,2.52,5.44,3.07,5.27,7.48,9.98,13.45,16.57,18.74,21.32,24.04,27.09,30.37,33.9,37.74,41.91,46.47,51.48,57,63.12,69.91
7.72,8.72,9.16,9.5,9.8,10.11,10.33,10.41,10.46,10.51,11.15,3.06,5.4,3.31,6.1,9.2,12.57,16.56,20.71,24.21,27.53,30.87,34.54,38.51,42.66,46.99,51.49,56.18,61.04,66.07,71.23,76.49
8.13,9.06,9.55,9.86,10.12,10.43,10.66,10.74,10.78,10.83,11.39,3.31,5.36,3.79,7.36,10.81,14.65,19.16,23.34,26.7,30.09,33.53,37.27,41.26,45.38,49.63,54.01,58.51,63.1,67.76,72.45,77.09
8.04,9.01,9.4,9.64,9.86,10.17,10.39,10.44,10.46,10.49,11.29,3.39,5.32,4.46,8.26,12.07,16.06,20.75,24.75,27.51,30.47,33.58,37.08,40.85,44.74,48.8,53.05,57.56,62.38,67.57,73.22,79.43
8,8.93,9.34,9.62,9.86,10.16,10.38,10.45,10.5,10.55,11.43,3.05,5.28,4.04,7.23,10.32,13.73,17.74,21.12,23.65,26.53,29.58,33.04,36.76,40.67,44.77,49.08,53.64,58.47,63.6,69.06,74.88
7.92,8.74,9.12,9.37,9.58,9.82,10.01,10.1,10.17,10.24,11.07,2.82,5.25,3.83,6.89,9.93,13.25,16.95,20.04,22.43,24.95,27.54,30.53,33.86,37.32,40.94,44.72,48.68,52.85,57.21,61.79,66.58
7.85,8.49,8.74,8.95,9.16,9.44,9.65,9.71,9.74,9.77,10.75,2.58,5.22,3.37,5.92,8.74,11.75,15.31,18.19,20.04,22.29,24.74,27.57,30.62,33.84,37.25,40.93,44.91,49.28,54.11,59.53,65.67
7.6,8,8.25,8.41,8.55,8.81,9.02,9.08,9.12,9.16,10.13,1.93,5.19,2.44,4.43,6.26,8.25,10.97,13.32,14.76,16.42,18.26,20.45,22.84,25.38,28.11,31.07,34.33,37.94,41.98,46.57,51.83
7.57,8.01,8.29,8.45,8.6,8.82,9.02,9.13,9.2,9.27,9.95,1.97,5.16,2.52,4.6,6.62,8.84,11.63,14.09,15.9,17.89,19.92,22.13,24.45,26.81,29.23,31.69,34.21,36.79,39.42,42.11,44.85
7.43,7.72,7.81,7.87,7.94,8.03,8.1,8.14,8.17,8.2,8.54,0.95,5.13,2.11,3.25,4.45,5.69,6.99,7.74,8.08,8.63,9.23,9.94,10.66,11.34,11.98,12.61,13.26,13.95,14.74,15.68,16.85
6.72,6.93,7.03,7.15,7.22,7.23,7.23,7.3,7.4,7.47,7.53,-0.06,5.09,0.98,1.27,1.41,1.57,1.3,0.54,-0.02,-0.02,-0.28,-0.93,-1.58,-2.35,-3.23,-4.21,-5.27,-6.36,-7.44,-8.44,-9.28
6.54,6.84,7.04,7.14,7.2,7.26,7.3,7.36,7.41,7.45,7.68,-0.58,5.06,0.52,-0.24,-1.02,-1.66,-2.38,-3.61,-4.89,-5.78,-6.66,-7.57,-8.49,-9.44,-10.44,-11.48,-12.59,-13.75,-14.99,-16.31,-17.71
6.88,7.38,7.61,7.75,7.87,8.02,8.12,8.12,8.12,8.12,7.8,-0.32,5.03,0.99,0.5,0.17,0.04,0.22,-0.07,-1.01,-1.89,-2.84,-3.77,-4.75,-5.87,-7.15,-8.6,-10.22,-12.03,-14.02,-16.2,-18.55
6.41,6.83,7.03,7.18,7.27,7.31,7.33,7.36,7.39,7.4,7.28,-0.79,5,0.46,-0.36,-1.13,-1.89,-2.98,-4.44,-5.9,-7.21,-8.64,-10.12,-11.54,-13.03,-14.58,-16.19,-17.88,-19.64,-21.47,-23.38,-25.37
6.2,6.59,6.84,6.96,7.06,7.19,7.29,7.36,7.4,7.43,7.51,-1.03,4.97,0.07,-1.02,-2.36,-3.51,-4.46,-5.86,-7.56,-9.11,-10.78,-12.5,-14.2,-15.98,-17.86,-19.81,-21.81,-23.84,-25.87,-27.85,-29.72
5.52,5.96,6.15,6.3,6.44,6.66,6.85,6.96,7.04,7.08,7.27,-1.59,4.94,-0.85,-3.08,-5.3,-7.16,-8.5,-10.3,-12.63,-14.65,-16.79,-18.92,-20.95,-23.01,-25.11,-27.23,-29.4,-31.59,-33.82,-36.08,-38.34
5.82,6.4,6.72,6.89,7.04,7.25,7.43,7.5,7.55,7.58,7.67,-1.7,4.91,-0.95,-2.95,-5.23,-7.24,-8.76,-10.78,-13.35,-15.57,-17.88,-20.21,-22.54,-24.92,-27.36,-29.85,-32.38,-34.95,-37.53,-40.09,-42.61
5.73,6.28,6.54,6.68,6.81,7.02,7.21,7.33,7.43,7.5,7.73,-1.08,4.88,0.07,-1.35,-3.2,-4.84,-5.96,-7.33,-8.99,-10.39,-11.97,-13.53,-14.9,-16.28,-17.67,-19.07,-20.49,-21.95,-23.46,-25.02,-26.65
5.76,6.23,6.4,6.55,6.7,6.92,7.11,7.18,7.24,7.27,7.44,-1.37,4.85,-0.32,-2.09,-3.88,-5.57,-6.84,-8.72,-11.23,-13.29,-15.38,-17.3,-19.04,-20.78,-22.52,-24.25,-26,-27.76,-29.55,-31.38,-33.27
5.95,6.37,6.59,6.73,6.86,7.03,7.18,7.25,7.3,7.34,7.53,-1.17,4.82,-0.33,-1.8,-3.31,-4.68,-5.75,-7.44,-9.62,-11.41,-13.21,-14.86,-16.36,-17.85,-19.34,-20.83,-22.32,-23.83,-25.38,-26.97,-28.63
5.93,6.35,6.53,6.64,6.75,6.92,7.08,7.17,7.24,7.3,7.72,-0.67,4.78,0.09,-0.82,-1.92,-2.91,-3.53,-4.48,-5.83,-7.02,-8.23,-9.21,-9.95,-10.62,-11.25,-11.84,-12.41,-12.98,-13.59,-14.28,-15.11
5.9,6.37,6.53,6.64,6.75,6.92,7.09,7.18,7.26,7.31,7.71,-0.6,4.75,0.19,-0.61,-1.43,-2.3,-2.87,-3.69,-4.94,-6.03,-7.15,-8.11,-8.91,-9.7,-10.47,-11.24,-12.02,-12.83,-13.68,-14.6,-15.62
6.15,6.56,6.82,6.95,7.07,7.23,7.38,7.49,7.58,7.65,8.06,-0.67,4.72,0.19,-0.58,-1.45,-2.49,-3.37,-4.65,-6.09,-7.02,-7.93,-8.81,-9.64,-10.47,-11.31,-12.19,-13.11,-14.1,-15.17,-16.36,-17.68
6.63,7.41,7.67,7.78,7.87,8.03,8.17,8.24,8.29,8.33,8.68,-0.3,4.69,1.05,0.88,0.43,-0.15,-0.48,-1.14,-2.26,-3.26,-4.29,-5.13,-5.81,-6.51,-7.22,-7.93,-8.65,-9.36,-10.06,-10.74,-11.39
6.89,7.73,7.99,8.11,8.21,8.34,8.44,8.51,8.57,8.61,8.82,-0.32,4.67,0.9,0.6,0.11,-0.43,-0.88,-1.78,-2.93,-3.82,-4.76,-5.52,-6.05,-6.55,-7.04,-7.51,-7.98,-8.46,-8.99,-9.58,-10.28
6.78,7.51,7.81,7.96,8.09,8.23,8.34,8.41,8.47,8.5,8.66,-0.1,4.64,0.74,0.55,0.43,0.3,0.26,-0.33,-1.19,-1.62,-2.1,-2.46,-2.64,-2.79,-2.92,-3.05,-3.17,-3.31,-3.5,-3.74,-4.09
6.9,7.67,8,8.15,8.28,8.45,8.6,8.69,8.76,8.82,9.14,-0.08,4.61,0.53,0.27,-0.09,-0.32,-0.18,-0.38,-0.92,-1.25,-1.64,-1.91,-1.97,-1.98,-1.95,-1.89,-1.83,-1.8,-1.85,-2.01,-2.36
7.24,8.01,8.32,8.47,8.59,8.79,8.97,9.06,9.12,9.17,9.38,0.08,4.59,0.49,0.26,0.05,0.02,0.58,0.92,0.76,0.68,0.48,0.4,0.53,0.7,0.9,1.12,1.34,1.54,1.67,1.71,1.6
7.93,8.64,8.99,9.15,9.29,9.49,9.65,9.71,9.76,9.79,10,0.92,4.56,1.21,2.14,3.07,4.18,5.82,7.13,7.85,8.76,9.64,10.57,11.57,12.6,13.63,14.67,15.69,16.68,17.62,18.48,19.21
6.76,7.62,8.06,8.29,8.46,8.68,8.84,8.94,9.02,9.07,9.23,0.5,4.54,0.42,0.91,1.39,2.13,3.37,4.33,4.8,5.32,5.61,5.91,6.39,6.88,7.38,7.88,8.36,8.81,9.22,9.56,9.81
7.01,7.77,8.1,8.32,8.52,8.78,8.99,9.08,9.15,9.18,9.27,0.21,4.52,-0.1,-0.41,-0.37,-0.01,1.08,1.98,2.24,2.67,2.93,3.13,3.43,3.75,4.09,4.43,4.76,5.06,5.32,5.5,5.58
7.11,7.8,8.09,8.25,8.4,8.63,8.81,8.9,8.96,9,9.12,0.01,4.49,-0.53,-1.15,-1.68,-1.76,-1.05,-0.41,-0.25,0.1,0.45,0.76,1.12,1.57,2.09,2.67,3.31,3.99,4.68,5.37,6.02
6.67,7.25,7.52,7.68,7.82,8.01,8.18,8.28,8.37,8.42,8.6,-0.38,4.47,-1.22,-2.36,-3.35,-4,-3.96,-3.65,-3.48,-3.38,-3.46,-3.62,-3.65,-3.57,-3.38,-3.08,-2.68,-2.2,-1.64,-1.02,-0.38
6.64,7.15,7.36,7.54,7.7,7.9,8.07,8.18,8.26,8.32,8.62,-0.69,4.45,-1.74,-3.67,-4.77,-5.8,-6.31,-6.55,-6.85,-7.05,-7.23,-7.4,-7.44,-7.34,-7.1,-6.76,-6.36,-5.94,-5.55,-5.28,-5.19
6.77,7.44,7.7,7.92,8.12,8.36,8.55,8.64,8.7,8.74,9.09,-0.28,4.44,-1.53,-3.13,-4.07,-4.49,-4.12,-3.43,-3.09,-2.86,-2.63,-2.3,-1.79,-1.1,-0.25,0.74,1.79,2.86,3.84,4.64,5.12
7.15,7.76,8.02,8.22,8.41,8.62,8.79,8.91,9,9.06,9.39,0.19,4.41,-0.75,-1.54,-1.7,-1.45,-0.67,0.21,0.94,1.71,2.39,3.05,3.86,4.8,5.86,7.02,8.24,9.49,10.71,11.83,12.79
7.67,8.24,8.48,8.65,8.8,9,9.16,9.26,9.33,9.37,9.46,0.7,4.39,-0.05,0.14,0.59,1.57,3.19,4.74,6.05,7.45,8.76,9.82,10.8,11.8,12.81,13.82,14.82,15.79,16.71,17.57,18.32
7.51,8.05,8.21,8.34,8.46,8.66,8.82,8.88,8.93,8.95,8.97,0.79,4.38,0.47,0.97,1.7,2.69,4.31,5.79,6.76,7.96,8.99,9.88,10.8,11.75,12.74,13.75,14.81,15.89,17,18.14,19.3
7.91,8.42,8.6,8.71,8.8,8.95,9.08,9.15,9.21,9.25,9.37,1.29,4.36,1.28,2.86,4.17,5.81,7.99,9.96,11.38,12.79,13.97,15.18,16.57,17.96,19.35,20.74,22.11,23.47,24.8,26.09,27.33
8.29,8.73,8.86,8.92,8.99,9.1,9.21,9.27,9.33,9.35,9.4,1,4.34,0.9,1.43,2.29,3.45,5.03,6.49,7.81,9.36,10.89,12.28,13.63,15.02,16.42,17.84,19.26,20.66,22.02,23.32,24.54
8.14,8.45,8.54,8.59,8.64,8.74,8.84,8.89,8.93,8.95,9.1,0.63,4.32,0.27,0.56,0.83,1.43,2.59,3.54,4.2,5.23,6.54,7.81,8.93,10.13,11.37,12.65,13.93,15.19,16.38,17.47,18.38
8.06,8.26,8.33,8.36,8.39,8.47,8.57,8.64,8.7,8.74,8.84,0.73,4.3,0.58,1.24,1.63,2.33,3.49,4.57,5.54,6.8,7.94,8.96,10,11.07,12.15,13.24,14.32,15.37,16.39,17.34,18.21
8.62,8.85,8.88,8.9,8.92,8.99,9.06,9.08,9.1,9.1,9.1,1.09,4.28,1.36,2.52,3.72,5.01,6.64,8.04,9.08,10.43,11.71,12.93,14.12,15.29,16.43,17.54,18.62,19.66,20.65,21.59,22.47
9.03,9.15,9.19,9.16,9.14,9.17,9.19,9.18,9.15,9.13,8.87,0.99,4.26,1.51,2.79,4.01,5.2,6.66,7.74,8.43,9.53,10.72,11.82,12.74,13.59,14.37,15.07,15.65,16.11,16.4,16.5,16.36
9.04,9.13,9.13,9.11,9.07,9.04,9.01,9,9,8.99,8.67,0.43,4.24,1.13,1.78,2.28,2.87,3.41,3.79,4.15,4.53,4.85,5.13,5.38,5.54,5.59,5.53,5.34,5.01,4.53,3.87,3.03
9.4,9.56,9.42,9.42,9.41,9.4,9.38,9.35,9.31,9.28,8.97,0.62,4.22,1.6,1.98,2.88,3.86,4.77,5.19,5.39,5.97,6.61,7.16,7.53,7.83,8.05,8.2,8.25,8.21,8.06,7.79,7.38
9.64,9.74,9.66,9.58,9.51,9.42,9.35,9.3,9.26,9.22,8.93,0.46,4.2,1.48,2.02,2.57,3.17,3.62,3.68,3.72,4.09,4.61,5.02,5.21,5.33,5.39,5.41,5.38,5.32,5.27,5.24,5.28
9.12,9.23,9.15,9.08,9.04,9.03,9.02,9.02,9.01,9,8.8,-0.05,4.18,0.75,0.36,0,-0.14,-0.19,-0.33,-0.51,-0.57,-0.6,-0.65,-0.77,-0.92,-1.1,-1.33,-1.62,-1.98,-2.43,-2.97,-3.63
8.86,8.82,8.77,8.69,8.63,8.62,8.62,8.61,8.58,8.57,8.59,0,4.16,0.55,0.44,0.28,0.06,0.03,-0.27,-0.7,-0.84,-0.75,-0.58,-0.51,-0.44,-0.37,-0.29,-0.21,-0.14,-0.07,-0.02,0.03
8.12,8.08,8.05,8.03,8.03,8.07,8.11,8.11,8.11,8.11,8.01,-0.29,4.14,-0.01,-0.48,-0.99,-1.39,-1.52,-1.94,-2.7,-2.98,-3.16,-3.37,-3.67,-4,-4.36,-4.75,-5.2,-5.7,-6.27,-6.9,-7.63
7.65,7.52,7.58,7.57,7.56,7.62,7.71,7.78,7.84,7.89,8.01,-0.42,4.12,-0.32,-0.75,-1.54,-2.29,-2.72,-3.18,-3.76,-4.06,-4.46,-4.93,-5.32,-5.71,-6.1,-6.49,-6.9,-7.33,-7.78,-8.27,-8.81
8.28,8.43,8.37,8.3,8.26,8.28,8.3,8.29,8.26,8.24,8.17,-0.53,4.1,0.81,0.66,0.05,-0.7,-1.38,-2.63,-4.15,-5.32,-6.43,-7.46,-8.57,-9.75,-11.01,-12.32,-13.66,-15,-16.3,-17.52,-18.58
8.48,8.46,8.46,8.4,8.35,8.37,8.4,8.37,8.32,8.27,8.18,-0.48,4.07,0.75,0.83,0.48,-0.26,-0.89,-1.94,-3.4,-4.73,-5.95,-6.97,-8.08,-9.27,-10.53,-11.84,-13.18,-14.53,-15.83,-17.05,-18.12
7.88,7.85,7.91,7.88,7.86,7.89,7.93,7.93,7.93,7.93,7.92,-0.61,4.05,0.39,0.29,-0.33,-1.22,-2,-3.17,-4.7,-6.02,-7.34,-8.53,-9.66,-10.84,-12.05,-13.3,-14.55,-15.8,-17.02,-18.18,-19.26
7.72,7.75,7.75,7.74,7.74,7.79,7.85,7.85,7.86,7.86,7.96,-0.33,4.02,0.47,0.45,0.2,-0.3,-0.74,-1.61,-2.84,-3.56,-4.2,-4.82,-5.48,-6.18,-6.9,-7.64,-8.37,-9.09,-9.77,-10.37,-10.87
7.76,7.87,7.87,7.87,7.86,7.93,8,7.98,7.95,7.93,8.03,-0.09,4,1.17,1.53,1.42,1.18,1.13,0.48,-0.75,-1.44,-1.98,-2.4,-2.93,-3.5,-4.12,-4.76,-5.39,-6,-6.54,-6.97,-7.22
8.08,8.29,8.37,8.36,8.36,8.38,8.41,8.43,8.44,8.46,8.49,0.41,3.97,1.99,2.89,3.37,3.62,3.75,3.58,3.32,3.35,3.37,3.41,3.43,3.38,3.26,3.1,2.9,2.68,2.48,2.33,2.29
8.12,8.45,8.46,8.45,8.45,8.51,8.57,8.56,8.53,8.52,8.58,0.5,3.95,2.36,3.13,3.81,3.99,4.24,4.53,4.33,4.17,4.08,4.14,4.18,4.16,4.09,3.99,3.9,3.85,3.9,4.11,4.57
8.35,8.65,8.7,8.68,8.65,8.68,8.71,8.7,8.66,8.64,8.61,0.57,3.92,2.67,3.66,4.33,4.5,4.67,4.8,4.68,4.68,4.77,4.98,5.1,5.14,5.1,5.01,4.86,4.67,4.44,4.21,4
8.58,8.98,9.07,9.06,9.05,9.06,9.07,9.07,9.05,9.04,8.97,0.95,3.9,3.31,4.97,6.06,6.7,7.17,7.58,7.89,8.29,8.7,9.16,9.59,9.93,10.18,10.37,10.51,10.65,10.81,11.04,11.42
8.22,8.51,8.54,8.56,8.57,8.63,8.67,8.65,8.62,8.6,8.57,0.52,3.88,2.64,4,4.56,4.55,4.54,4.74,4.62,4.44,4.3,4.29,4.24,4.09,3.86,3.56,3.22,2.88,2.57,2.36,2.31
8.05,8.25,8.33,8.35,8.36,8.44,8.5,8.48,8.46,8.44,8.4,0.22,3.86,2.12,3.1,3.19,2.79,2.51,2.35,1.85,1.5,1.22,0.99,0.69,0.3,-0.15,-0.67,-1.24,-1.83,-2.43,-3,-3.5
7.72,7.92,8.06,8.11,8.15,8.25,8.33,8.38,8.41,8.43,8.49,0.26,3.84,1.92,2.78,2.93,2.61,2.38,2.31,2.1,1.92,1.66,1.46,1.36,1.2,1.01,0.79,0.54,0.28,0.04,-0.18,-0.34
7.76,8.09,8.29,8.42,8.55,8.74,8.88,8.92,8.95,8.97,9.14,1.09,3.83,2.69,4.33,5.78,6.57,7.41,8.32,8.84,9.63,10.45,11.33,12.2,13.01,13.78,14.5,15.17,15.8,16.38,16.92,17.42
7.69,8.04,8.22,8.38,8.53,8.71,8.84,8.88,8.91,8.93,9.12,1.34,3.82,2.96,4.93,6.87,8.23,9.46,10.56,11.27,12.28,13.34,14.42,15.42,16.35,17.2,17.97,18.66,19.26,19.77,20.19,20.52
7.43,7.79,8,8.15,8.3,8.47,8.61,8.69,8.75,8.79,8.94,1.17,3.8,3.04,5.12,6.89,8.08,9.15,10.16,10.85,11.52,12,12.46,12.95,13.27,13.44,13.48,13.42,13.3,13.18,13.15,13.3
7.31,7.54,7.69,7.82,7.96,8.14,8.28,8.32,8.34,8.36,8.55,0.85,3.79,3.08,4.95,6.57,7.63,8.59,9.14,8.96,8.78,8.51,8.35,8.18,7.81,7.23,6.5,5.66,4.77,3.94,3.28,2.96
6.82,7.16,7.43,7.59,7.74,7.96,8.12,8.15,8.17,8.19,8.45,1.31,3.78,3.39,5.89,8.11,9.44,10.73,12.02,12.58,13.14,13.69,14.23,14.6,14.77,14.76,14.56,14.19,13.68,13.05,12.34,11.6
6.51,7.07,7.34,7.52,7.68,7.86,8,8.07,8.12,8.16,8.39,0.86,3.77,3.4,5.22,6.47,7.22,7.85,8.26,8.25,8.14,7.87,7.75,7.78,7.69,7.48,7.17,6.79,6.37,5.95,5.59,5.37
6.41,7.07,7.3,7.53,7.74,7.89,8,8.06,8.11,8.14,8.36,0.85,3.77,3.37,4.88,6.31,7.06,7.38,7.89,8.22,8.4,8.43,8.46,8.47,8.32,8.01,7.56,6.96,6.26,5.49,4.7,3.94
6.28,7.05,7.34,7.6,7.82,7.97,8.08,8.12,8.14,8.16,8.44,0.7,3.76,3.28,4.48,5.43,5.92,6.19,6.61,6.72,6.58,6.34,6.21,6.13,5.92,5.6,5.2,4.75,4.3,3.93,3.73,3.81
6.06,6.83,7.2,7.49,7.72,7.89,8.01,8.08,8.13,8.16,8.39,0.63,3.75,3.19,4.54,5.56,5.95,6.01,6.31,6.41,6.18,5.72,5.35,5.12,4.75,4.25,3.65,2.96,2.21,1.47,0.78,0.22
6.16,6.7,7.15,7.52,7.8,7.95,8.05,8.12,8.17,8.21,8.46,0.88,3.74,3,4.84,6.5,7.5,7.82,8.21,8.49,8.64,8.65,8.71,8.79,8.73,8.52,8.18,7.73,7.19,6.59,6.01,5.49
6.33,6.93,7.38,7.74,8.01,8.18,8.28,8.32,8.35,8.38,8.62,1.17,3.73,3.47,6.11,8.33,9.82,10.63,11.26,11.56,11.76,11.86,12,12.07,11.93,11.6,11.09,10.43,9.66,8.85,8.07,7.44
6.19,6.84,7.26,7.61,7.88,8.05,8.17,8.26,8.32,8.36,8.54,1.47,3.71,3.86,6.7,9.19,11.04,12.32,13.63,14.76,15.54,15.95,16.25,16.52,16.53,16.28,15.79,15.1,14.26,13.34,12.45,11.72
5.72,6.38,6.72,7.11,7.45,7.68,7.83,7.9,7.95,7.99,8.3,1.27,3.7,3.58,6.1,8.53,10.51,11.77,12.59,12.9,13.17,13.33,13.51,13.59,13.44,13.06,12.46,11.66,10.69,9.59,8.43,7.29
5.42,6.01,6.31,6.68,7.02,7.27,7.44,7.53,7.59,7.64,8.15,1.17,3.68,3.54,5.89,8.17,9.9,10.96,11.63,11.82,12.15,12.49,12.77,12.8,12.59,12.13,11.4,10.38,9.07,7.44,5.47,3.16
5.1,5.72,6.1,6.49,6.85,7.11,7.32,7.47,7.6,7.7,8.31,0.89,3.66,2.8,4.35,5.78,6.81,7.43,8.2,8.86,9.36,9.6,9.76,9.92,9.94,9.78,9.41,8.82,7.97,6.82,5.35,3.51
4.69,5.4,5.8,6.21,6.59,6.92,7.18,7.37,7.53,7.65,8.45,0.81,3.64,2.28,3.07,3.9,4.47,5.01,5.95,6.8,7.58,8.2,8.8,9.51,10.21,10.87,11.45,11.88,12.11,12.03,11.54,10.51
4.12,4.79,5.14,5.6,6.04,6.33,6.55,6.7,6.82,6.93,8.01,0.46,3.62,1.84,2.13,2.79,3.15,3,3.14,3.25,3.5,3.85,4.28,4.69,5.11,5.53,5.91,6.23,6.46,6.54,6.4,5.98
4.23,5.14,5.7,6.17,6.56,6.87,7.12,7.31,7.47,7.58,8.2,1.19,3.6,2.65,4.44,6.18,7.53,8.6,9.86,11.09,12.3,13.23,13.94,14.62,15.17,15.55,15.74,15.68,15.32,14.59,13.43,11.77
4.35,5.3,5.8,6.3,6.71,6.95,7.12,7.27,7.4,7.5,8.28,1.5,3.58,2.93,5.18,7.65,9.65,10.8,11.91,13.07,14.38,15.64,16.82,17.92,18.94,19.83,20.57,21.11,21.36,21.26,20.7,19.56
4.54,5.64,6.23,6.72,7.08,7.27,7.42,7.55,7.67,7.76,8.34,1.71,3.56,3.41,6.21,8.97,11.13,12.41,13.49,14.74,16.36,17.99,19.41,20.66,21.79,22.76,23.5,23.94,23.96,23.45,22.25,20.15
4.4,5.5,6.11,6.65,7.06,7.28,7.45,7.61,7.76,7.87,8.49,1.78,3.54,3.33,6.25,9.2,11.62,13.09,14.45,15.97,17.61,19.06,20.29,21.46,22.49,23.34,23.98,24.36,24.42,24.1,23.32,21.97
4.24,5.22,5.81,6.33,6.75,7,7.19,7.34,7.47,7.58,8.3,1.44,3.52,2.57,4.67,7.11,9.15,10.46,11.67,12.88,14.17,15.36,16.47,17.54,18.53,19.41,20.15,20.68,20.93,20.83,20.26,19.1
4.05,4.85,5.44,5.98,6.42,6.73,6.96,7.14,7.29,7.41,8.38,1.62,3.5,2.2,4.18,6.61,8.89,10.68,12.36,13.95,15.65,17.32,18.93,20.52,22.07,23.55,24.92,26.11,27.04,27.59,27.62,26.96
3.62,4.44,5.02,5.54,5.96,6.23,6.44,6.65,6.83,6.99,8.08,1.29,3.48,1.73,3.13,4.94,6.52,7.56,8.78,10.25,11.82,13.3,14.72,16.25,17.82,19.41,20.95,22.4,23.66,24.61,25.11,25
3.47,4.17,4.73,5.26,5.72,6.08,6.37,6.58,6.76,6.9,8.11,1.56,3.46,1.48,2.94,4.89,6.84,8.69,10.78,12.73,14.52,16.2,17.99,20,22.1,24.27,26.48,28.69,30.87,32.93,34.79,36.33
3.06,3.82,4.38,4.95,5.45,5.84,6.14,6.34,6.5,6.65,8.28,1.48,3.45,1.18,2.27,3.93,5.85,7.74,9.65,11.25,12.8,14.46,16.4,18.52,20.8,23.25,25.88,28.67,31.64,34.78,38.07,41.49
3.54,4.42,5.03,5.58,6.03,6.32,6.55,6.75,6.92,7.08,8.37,1.78,3.43,1.83,3.54,5.81,8.11,9.93,11.58,13.4,15.6,17.93,20.28,22.7,25.24,27.84,30.49,33.1,35.61,37.89,39.79,41.15
3.83,4.82,5.41,5.95,6.36,6.6,6.78,6.94,7.07,7.19,8.15,1.49,3.42,2.15,3.94,6.22,8.3,9.69,10.9,12.15,13.56,14.99,16.48,18.04,19.62,21.21,22.8,24.36,25.85,27.23,28.44,29.42
3.61,4.59,5.17,5.73,6.17,6.43,6.6,6.72,6.82,6.91,8.01,1.27,3.4,1.93,3.37,5.48,7.35,8.53,9.71,10.71,11.59,12.52,13.62,14.78,15.97,17.2,18.47,19.82,21.25,22.8,24.49,26.37
3.39,4.22,4.76,5.27,5.68,5.95,6.16,6.34,6.49,6.62,7.88,1.16,3.39,1.52,2.62,4.28,5.81,6.89,8.05,9.21,10.21,11.14,12.26,13.65,15.1,16.63,18.24,19.95,21.76,23.7,25.77,27.98
3.32,3.93,4.4,4.89,5.31,5.6,5.82,5.98,6.12,6.24,7.58,0.4,3.38,0.51,0.51,1.01,1.61,1.91,2.06,2.16,2.53,3.1,3.84,4.62,5.52,6.51,7.58,8.73,9.93,11.14,12.32,13.43
3.32,3.98,4.45,4.93,5.34,5.65,5.88,6.02,6.12,6.23,7.65,-0.09,3.37,0.12,-0.43,-0.73,-0.82,-1.03,-1.55,-2.29,-2.7,-2.84,-2.7,-2.47,-2.09,-1.54,-0.82,0.11,1.27,2.67,4.35,6.35
3.26,3.84,4.33,4.82,5.24,5.55,5.79,5.98,6.14,6.28,7.65,-0.32,3.36,-0.65,-1.78,-2.62,-3.1,-3.61,-4.02,-4.39,-4.6,-4.68,-4.55,-4.23,-3.72,-3.05,-2.22,-1.25,-0.17,0.98,2.14,3.24
3.62,4.26,4.66,5.09,5.46,5.73,5.94,6.1,6.24,6.36,7.62,-0.39,3.35,-0.5,-1.71,-2.48,-2.93,-3.45,-3.93,-4.42,-4.82,-5.11,-5.21,-5.17,-4.99,-4.67,-4.23,-3.68,-3.03,-2.32,-1.56,-0.8
3.45,4.04,4.42,4.79,5.13,5.38,5.58,5.73,5.86,5.98,7.33,-0.85,3.34,-0.88,-2.64,-3.97,-5.18,-6.42,-7.49,-8.57,-9.56,-10.37,-10.97,-11.44,-11.75,-11.92,-11.93,-11.79,-11.5,-11.07,-10.49,-9.78
3.53,4.15,4.53,4.91,5.24,5.45,5.61,5.76,5.88,6,7.09,-0.67,3.33,-0.62,-1.97,-2.99,-3.82,-4.85,-5.75,-6.56,-7.38,-8.18,-8.79,-9.2,-9.5,-9.69,-9.76,-9.73,-9.57,-9.29,-8.88,-8.35
3.38,3.89,4.22,4.57,4.86,5.05,5.2,5.35,5.48,5.6,6.48,-1.17,3.32,-1.17,-3.1,-4.53,-5.86,-7.44,-8.91,-10.19,-11.38,-12.59,-13.77,-14.83,-15.84,-16.8,-17.75,-18.72,-19.73,-20.85,-22.12,-23.62
3.39,3.9,4.26,4.58,4.85,5.05,5.2,5.33,5.44,5.54,6.44,-1.58,3.31,-1.56,-3.89,-5.94,-7.87,-9.86,-11.76,-13.62,-15.43,-17.18,-18.84,-20.4,-21.89,-23.32,-24.71,-26.06,-27.4,-28.73,-30.1,-31.53
3.47,4,4.32,4.62,4.89,5.12,5.29,5.4,5.48,5.56,6.56,-1.69,3.29,-1.65,-4.24,-6.4,-8.52,-10.55,-12.42,-14.51,-16.7,-18.8,-20.65,-22.35,-23.95,-25.43,-26.78,-27.97,-28.97,-29.74,-30.22,-30.37
3.65,4.23,4.58,4.92,5.22,5.46,5.65,5.78,5.89,5.99,6.89,-1.42,3.28,-2.1,-4.77,-6.95,-8.62,-10.06,-11.3,-12.59,-13.9,-15.18,-16.33,-17.31,-18.16,-18.88,-19.5,-20.04,-20.54,-21.05,-21.63,-22.35
3.63,4.27,4.61,4.97,5.29,5.48,5.64,5.77,5.88,5.99,6.92,-1.34,3.27,-2.31,-5.24,-7.22,-8.58,-9.98,-11.3,-12.48,-13.52,-14.45,-15.2,-15.77,-16.21,-16.57,-16.86,-17.15,-17.49,-17.94,-18.59,-19.53
3.53,4.14,4.47,4.8,5.09,5.28,5.44,5.6,5.74,5.86,6.67,-1.28,3.25,-2.11,-4.7,-6.57,-8.14,-9.71,-11.04,-12.04,-12.79,-13.49,-14.2,-14.75,-15.19,-15.55,-15.89,-16.3,-16.88,-17.75,-19.05,-20.97
4.03,4.69,5.07,5.4,5.68,5.9,6.06,6.15,6.22,6.29,7.2,-0.58,3.23,-1.1,-2.42,-3.18,-3.71,-4.11,-4.53,-5.17,-5.81,-6.32,-6.67,-6.98,-7.22,-7.39,-7.52,-7.6,-7.68,-7.76,-7.89,-8.09
4.51,5.23,5.7,6.05,6.32,6.56,6.73,6.81,6.87,6.92,7.61,-0.04,3.21,-0.53,-1.02,-1.14,-1.04,-0.7,-0.45,-0.5,-0.47,-0.33,-0.03,0.29,0.63,0.98,1.3,1.54,1.68,1.67,1.43,0.91
5.08,5.76,6.21,6.51,6.72,6.88,6.99,7.07,7.14,7.2,7.75,0.27,3.19,0.11,0.32,0.73,1.2,1.65,2.16,2.6,2.9,3.14,3.4,3.7,4.03,4.35,4.67,4.95,5.17,5.29,5.28,5.09
5.39,6.03,6.4,6.65,6.84,6.98,7.09,7.17,7.24,7.3,7.92,1.01,3.17,0.88,2.03,3.36,4.72,6.03,7.3,8.5,9.67,10.85,12.05,13.25,14.47,15.69,16.88,18.04,19.12,20.1,20.92,21.54
5.52,6.22,6.56,6.84,7.05,7.19,7.28,7.35,7.41,7.47,8.11,1.25,3.15,1.27,2.58,4.17,5.96,7.62,8.99,10.22,11.62,13.12,14.67,16.19,17.72,19.24,20.73,22.17,23.54,24.79,25.88,26.76
5.38,6.01,6.37,6.62,6.8,6.92,7.01,7.1,7.18,7.25,7.73,0.82,3.13,0.98,1.96,3,4.18,5.22,5.89,6.6,7.68,8.8,9.86,10.86,11.85,12.8,13.66,14.39,14.91,15.15,15,14.35
5.57,6.19,6.48,6.7,6.88,6.99,7.09,7.17,7.25,7.31,7.94,1.04,3.11,1.17,2.14,3.35,4.7,5.95,6.98,8.05,9.41,10.87,12.34,13.77,15.21,16.61,17.95,19.18,20.24,21.07,21.58,21.68
5.97,6.65,6.96,7.18,7.35,7.46,7.55,7.62,7.68,7.74,8.3,1.5,3.1,1.68,3.24,5.01,6.89,8.69,10.36,12.04,13.87,15.8,17.73,19.64,21.53,23.39,25.16,26.82,28.32,29.59,30.56,31.14
6.19,6.87,7.14,7.37,7.55,7.66,7.74,7.81,7.88,7.93,8.34,1.77,3.08,2,4.01,6.18,8.5,10.66,12.67,14.68,16.75,18.8,20.8,22.79,24.78,26.74,28.65,30.47,32.16,33.68,34.94,35.87
6.92,7.43,7.66,7.77,7.83,7.86,7.88,7.91,7.94,7.97,8.27,1.98,3.06,2.57,5.33,7.91,10.35,12.53,14.44,16.36,18.53,20.77,22.96,25.04,27.05,28.98,30.8,32.49,34.02,35.36,36.48,37.32
7.21,7.72,7.83,7.84,7.85,7.85,7.86,7.85,7.85,7.85,8.19,2.03,3.05,3.04,5.91,8.4,10.73,12.94,15.01,17,19.02,21.03,22.97,24.83,26.67,28.5,30.31,32.12,33.93,35.74,37.54,39.34
6.85,7.28,7.41,7.51,7.57,7.6,7.61,7.62,7.62,7.63,8,1.83,3.03,2.81,5.53,7.99,10.33,12.38,14.05,15.54,17.19,18.88,20.54,22.09,23.6,25.08,26.54,27.98,29.43,30.9,32.41,33.97
6.44,6.8,6.92,7.01,7.09,7.15,7.19,7.22,7.24,7.27,7.88,1.11,3.02,1.93,3.42,4.89,6.36,7.67,8.42,8.94,9.8,10.79,11.82,12.79,13.76,14.74,15.76,16.82,17.96,19.2,20.56,22.09
6.5,6.81,6.94,7.03,7.11,7.17,7.21,7.22,7.23,7.24,7.83,0.87,3,1.72,2.71,3.86,4.94,5.88,6.39,6.77,7.57,8.47,9.43,10.34,11.22,12.07,12.88,13.65,14.36,15,15.57,16.05
6.32,6.61,6.74,6.84,6.91,6.95,6.98,7.03,7.08,7.13,7.69,0.52,2.99,1.28,1.79,2.38,2.9,3.19,3.25,3.44,4.02,4.73,5.42,6.06,6.68,7.28,7.83,8.34,8.76,9.08,9.26,9.26
5.8,5.89,5.96,6.03,6.1,6.16,6.21,6.26,6.31,6.35,7,-0.32,2.98,0.21,-0.51,-1.09,-1.65,-2.25,-2.94,-3.57,-3.97,-4.22,-4.42,-4.63,-4.81,-4.95,-5.07,-5.15,-5.22,-5.26,-5.29,-5.31
5.65,5.8,5.89,5.94,6,6.08,6.16,6.2,6.23,6.26,6.94,-0.29,2.97,0.23,-0.24,-0.85,-1.37,-1.69,-2.09,-2.71,-3.34,-3.88,-4.32,-4.72,-5.07,-5.34,-5.53,-5.59,-5.5,-5.21,-4.68,-3.86
5.67,5.89,6.03,6.11,6.18,6.3,6.4,6.45,6.48,6.51,7.19,-0.11,2.96,0.25,-0.04,-0.46,-0.84,-0.88,-0.87,-1.17,-1.58,-1.94,-2.17,-2.33,-2.43,-2.45,-2.37,-2.16,-1.78,-1.2,-0.36,0.8
5.65,5.86,5.96,6.03,6.09,6.18,6.25,6.28,6.3,6.33,7.03,-0.42,2.95,0.15,-0.48,-1.24,-1.93,-2.43,-3,-3.81,-4.61,-5.31,-5.92,-6.51,-7.04,-7.49,-7.84,-8.05,-8.1,-7.95,-7.56,-6.88
5.65,5.84,5.92,5.98,6.03,6.09,6.14,6.16,6.18,6.21,6.9,-0.32,2.94,0.31,-0.12,-0.66,-1.16,-1.59,-2.15,-2.9,-3.64,-4.32,-4.91,-5.48,-5.99,-6.42,-6.74,-6.91,-6.89,-6.65,-6.13,-5.25
5.55,5.61,5.71,5.77,5.83,5.89,5.95,6,6.04,6.08,6.63,-0.18,2.93,0.23,0.01,-0.28,-0.59,-0.86,-1.19,-1.59,-1.96,-2.27,-2.55,-2.85,-3.14,-3.43,-3.7,-3.96,-4.19,-4.39,-4.55,-4.64
5.36,5.36,5.41,5.47,5.54,5.64,5.71,5.75,5.77,5.8,6.48,-0.15,2.92,-0.02,-0.32,-0.6,-0.81,-0.85,-1.01,-1.42,-1.77,-2.01,-2.17,-2.35,-2.5,-2.6,-2.65,-2.64,-2.55,-2.37,-2.08,-1.66
5.18,5.18,5.25,5.33,5.39,5.46,5.52,5.56,5.59,5.62,6.27,-0.6,2.91,-0.33,-1.2,-2.05,-2.85,-3.61,-4.48,-5.44,-6.31,-7.06,-7.74,-8.41,-9.03,-9.58,-10.06,-10.45,-10.73,-10.88,-10.87,-10.67
4.9,4.93,5.07,5.17,5.27,5.4,5.51,5.57,5.62,5.67,6.36,-0.65,2.89,-0.62,-1.6,-2.51,-3.35,-3.96,-4.59,-5.47,-6.37,-7.21,-7.93,-8.62,-9.26,-9.86,-10.4,-10.87,-11.25,-11.52,-11.66,-11.64
5.23,5.45,5.57,5.66,5.75,5.91,6.05,6.12,6.16,6.21,6.87,-0.2,2.88,-0.01,-0.73,-1.34,-1.84,-1.86,-1.8,-2.08,-2.29,-2.37,-2.35,-2.33,-2.3,-2.24,-2.18,-2.13,-2.1,-2.12,-2.21,-2.38
5.41,5.8,5.93,6.03,6.13,6.26,6.36,6.37,6.38,6.39,7.21,-0.28,2.87,0.17,-0.57,-1.16,-1.65,-1.84,-2.22,-3,-3.59,-4.07,-4.44,-4.74,-4.93,-5.01,-4.93,-4.69,-4.26,-3.59,-2.66,-1.41
5.62,6.05,6.21,6.33,6.44,6.55,6.64,6.68,6.7,6.73,7.37,0.15,2.86,0.56,0.4,0.38,0.45,0.7,0.83,0.72,0.75,0.92,1.19,1.46,1.76,2.09,2.44,2.83,3.25,3.7,4.18,4.71
5.78,6.29,6.47,6.58,6.68,6.77,6.84,6.86,6.89,6.91,7.42,0.34,2.84,1.02,1.15,1.38,1.71,2.15,2.46,2.59,2.79,3.09,3.45,3.77,4.11,4.46,4.82,5.19,5.57,5.96,6.36,6.78
5.7,6.13,6.32,6.42,6.5,6.59,6.66,6.71,6.76,6.8,7.25,0.36,2.83,0.87,1.07,1.18,1.36,1.68,1.98,2.31,2.86,3.49,4.18,4.85,5.49,6.06,6.53,6.86,7.01,6.93,6.58,5.87
5.86,6.24,6.41,6.52,6.6,6.67,6.73,6.78,6.82,6.87,7.26,0.82,2.82,1.16,1.88,2.77,3.68,4.58,5.38,6.25,7.34,8.51,9.69,10.85,11.98,13.05,14.05,14.92,15.64,16.14,16.4,16.32
5.92,6.36,6.57,6.68,6.77,6.85,6.91,6.96,6.99,7.03,7.53,0.72,2.8,1.21,1.81,2.45,3.17,3.96,4.56,5.17,6.07,7.07,8.17,9.29,10.37,11.39,12.33,13.15,13.83,14.34,14.63,14.69
5.71,6.12,6.3,6.41,6.49,6.58,6.65,6.7,6.75,6.79,7.29,0.7,2.79,1.04,1.57,2.24,2.92,3.66,4.27,4.91,5.86,6.91,8.04,9.2,10.32,11.38,12.35,13.19,13.87,14.35,14.58,14.52
5.44,5.78,5.94,6.04,6.13,6.21,6.29,6.34,6.39,6.44,6.99,0.63,2.77,0.76,1.09,1.6,2.33,3.2,3.65,3.99,4.98,6.16,7.41,8.63,9.83,10.97,12.02,12.94,13.67,14.15,14.32,14.1
5.38,5.6,5.71,5.79,5.86,5.94,6.01,6.05,6.08,6.11,6.71,0.33,2.76,0.29,0.22,0.36,0.63,1.08,1.41,1.65,2.15,2.85,3.66,4.46,5.3,6.16,7.04,7.92,8.77,9.59,10.34,11.01
5.51,5.89,6.06,6.16,6.24,6.32,6.39,6.42,6.46,6.49,6.94,0.74,2.75,0.76,1.34,2.07,2.89,3.83,4.65,5.4,6.38,7.5,8.71,9.91,11.11,12.28,13.4,14.46,15.41,16.23,16.89,17.35
5.58,5.95,6.1,6.2,6.29,6.38,6.45,6.51,6.55,6.6,7.09,1.02,2.74,1.08,2.07,3.16,4.38,5.69,6.74,7.73,9.08,10.53,12.05,13.57,15.07,16.52,17.89,19.16,20.27,21.21,21.91,22.32
5.67,6.11,6.25,6.34,6.42,6.49,6.54,6.57,6.58,6.61,7.17,0.96,2.72,1.13,1.97,3.04,4.16,5.29,6.22,7.05,8.23,9.66,11.15,12.55,13.97,15.37,16.73,18.04,19.26,20.36,21.28,22
6.03,6.47,6.62,6.72,6.8,6.89,6.94,6.95,6.95,6.96,7.47,1.22,2.71,1.5,2.63,4.02,5.48,7.06,8.28,9.24,10.67,12.38,14.09,15.66,17.26,18.87,20.48,22.05,23.56,24.96,26.2,27.22
5.91,6.31,6.44,6.53,6.6,6.67,6.72,6.74,6.75,6.76,7.31,1.04,2.7,1.3,2.22,3.33,4.53,5.84,6.86,7.68,8.91,10.41,11.94,13.36,14.8,16.24,17.68,19.08,20.42,21.65,22.74,23.63
5.78,6.24,6.39,6.48,6.54,6.6,6.65,6.67,6.69,6.72,7.23,1.11,2.68,1.27,2.32,3.49,4.7,6.01,7.11,8.11,9.49,11.18,12.89,14.46,16.04,17.63,19.19,20.69,22.09,23.35,24.41,25.19
5.67,6.1,6.27,6.36,6.43,6.49,6.53,6.53,6.54,6.54,7.13,1.07,2.67,1.14,2.15,3.3,4.55,5.92,7.03,7.9,9.14,10.67,12.19,13.57,15.04,16.61,18.26,19.98,21.75,23.54,25.3,27
5.45,5.75,5.82,5.87,5.92,5.97,6.02,6.03,6.04,6.05,6.57,0.56,2.65,0.67,1.02,1.58,2.14,2.76,3.34,3.79,4.47,5.4,6.35,7.19,8.08,9.01,9.97,10.92,11.86,12.75,13.56,14.23
5.59,5.98,6.12,6.19,6.24,6.32,6.37,6.37,6.37,6.37,6.95,1.24,2.64,1.43,2.94,4.62,6.15,7.76,9.04,10,11.25,12.55,13.89,15.26,16.67,18.11,19.59,21.11,22.69,24.33,26.03,27.81
5.47,5.81,5.89,5.96,6.02,6.1,6.14,6.14,6.14,6.15,6.72,1.49,2.62,1.74,3.61,5.59,7.69,9.98,11.72,12.91,14.45,16.04,17.62,19.11,20.53,21.88,23.13,24.27,25.28,26.13,26.79,27.22
5.36,5.64,5.71,5.72,5.73,5.82,5.9,5.89,5.87,5.85,6.46,1.07,2.61,1.74,3.53,4.78,6.31,8.34,9.85,10.23,10.84,11.49,12.12,12.61,13.06,13.5,13.94,14.42,14.95,15.56,16.29,17.17
5.52,5.77,5.81,5.82,5.84,5.88,5.91,5.89,5.87,5.86,6.29,0.99,2.59,1.49,2.82,4.15,5.57,7.2,8.17,8.56,9.42,10.36,11.36,12.27,13.1,13.83,14.47,15,15.43,15.74,15.93,16
5.51,5.67,5.68,5.7,5.72,5.76,5.78,5.78,5.76,5.75,6.19,0.92,2.57,1.29,2.46,3.63,4.85,6.22,7.02,7.42,8.54,9.94,11.32,12.46,13.49,14.36,15.03,15.43,15.5,15.17,14.31,12.81
5.24,5.32,5.35,5.37,5.4,5.47,5.53,5.54,5.54,5.55,6.09,0.75,2.56,0.89,1.66,2.54,3.51,4.83,5.62,5.89,6.89,8.11,9.35,10.44,11.44,12.32,13.04,13.54,13.77,13.66,13.11,12.02
5.41,5.55,5.55,5.57,5.6,5.65,5.69,5.67,5.64,5.62,6.23,0.33,2.54,0.82,0.97,1.36,1.81,2.39,2.4,1.97,2.22,2.86,3.55,3.99,4.42,4.83,5.2,5.51,5.71,5.78,5.67,5.29
5.41,5.61,5.61,5.63,5.65,5.71,5.76,5.74,5.69,5.67,6.25,0.39,2.53,1.08,1.44,1.86,2.4,3.2,3.17,2.48,2.77,3.58,4.44,4.92,5.36,5.71,5.96,6.06,5.96,5.6,4.9,3.74
5.4,5.6,5.63,5.64,5.66,5.71,5.76,5.74,5.7,5.68,6.27,0.33,2.51,1.01,1.3,1.62,2.01,2.62,2.7,2.3,2.43,2.84,3.39,3.79,4.13,4.41,4.61,4.73,4.74,4.63,4.4,4
5.42,5.53,5.54,5.55,5.56,5.61,5.64,5.62,5.58,5.55,6.11,-0.02,2.49,0.67,0.34,0.21,0.12,0.14,-0.52,-1.63,-1.74,-1.13,-0.58,-0.56,-0.48,-0.39,-0.3,-0.26,-0.34,-0.61,-1.18,-2.21
5.38,5.49,5.49,5.48,5.47,5.5,5.53,5.5,5.45,5.43,5.9,-0.28,2.48,0.54,0.01,-0.27,-0.6,-0.82,-1.81,-3.27,-3.83,-3.86,-3.83,-4.15,-4.5,-4.88,-5.32,-5.84,-6.48,-7.27,-8.26,-9.53
5.38,5.49,5.48,5.5,5.53,5.55,5.57,5.55,5.51,5.49,6,-0.31,2.46,0.47,-0.23,-0.54,-0.84,-1.27,-2.56,-4.14,-4.55,-4.28,-4.1,-4.42,-4.7,-4.96,-5.25,-5.6,-6.1,-6.81,-7.87,-9.44
4.95,4.91,4.85,4.87,4.91,4.99,5.05,5.06,5.06,5.07,5.67,-0.76,2.45,-0.43,-1.9,-2.98,-3.84,-4.49,-6.18,-8.37,-8.91,-8.68,-8.73,-9.33,-9.84,-10.29,-10.74,-11.27,-12.02,-13.12,-14.79,-17.33
4.41,4.3,4.26,4.24,4.23,4.3,4.4,4.42,4.44,4.46,5.54,-1.14,2.44,-1.04,-2.93,-4.61,-6.28,-7.58,-9.64,-12.21,-13.22,-13.47,-13.84,-14.63,-15.25,-15.72,-16.09,-16.41,-16.77,-17.29,-18.12,-19.48
4.18,4.12,4.24,4.24,4.24,4.35,4.5,4.57,4.63,4.7,5.77,-1.02,2.42,-1.37,-3.05,-4.95,-6.77,-8.02,-9.44,-11.27,-11.92,-11.84,-11.78,-12.07,-12.23,-12.31,-12.34,-12.41,-12.61,-13.06,-13.91,-15.37
4.53,4.54,4.54,4.52,4.51,4.61,4.72,4.74,4.75,4.76,5.65,-1.13,2.41,-1.15,-2.95,-4.61,-6.34,-7.49,-8.87,-10.84,-12.03,-12.83,-13.61,-14.56,-15.39,-16.11,-16.75,-17.33,-17.9,-18.5,-19.21,-20.12
4.53,4.54,4.55,4.56,4.56,4.66,4.75,4.73,4.68,4.65,5.81,-1.39,2.4,-1.43,-3.38,-5.21,-7.06,-8.44,-10.25,-12.9,-14.89,-16.43,-17.81,-19.3,-20.57,-21.6,-22.35,-22.79,-22.88,-22.58,-21.83,-20.54
4.51,4.58,4.57,4.56,4.55,4.65,4.74,4.72,4.68,4.66,5.74,-1.53,2.38,-1.65,-4.04,-6.27,-8.55,-10.26,-11.83,-14.12,-16.29,-18.14,-19.83,-21.52,-22.91,-23.93,-24.53,-24.6,-24.07,-22.82,-20.71,-17.55
4.88,5.14,5.17,5.19,5.22,5.33,5.42,5.39,5.32,5.29,6.21,-0.8,2.37,-0.81,-2.47,-3.9,-5.22,-5.99,-6.88,-8.6,-9.79,-9.99,-10.26,-11.16,-11.83,-12.22,-12.25,-11.83,-10.85,-9.18,-6.66,-3.05
4.72,5,5.08,5.1,5.13,5.29,5.43,5.38,5.3,5.25,6.37,-0.51,2.35,-1.01,-2.5,-3.63,-4.54,-4.52,-4.45,-5.53,-6.38,-6.43,-6.44,-6.95,-7.22,-7.18,-6.76,-5.88,-4.42,-2.27,0.75,4.89
4.78,5.09,5.18,5.22,5.25,5.37,5.46,5.43,5.39,5.37,6.32,-0.59,2.34,-0.84,-2.63,-3.86,-4.92,-5.35,-5.69,-6.63,-7.15,-7.05,-7.15,-7.73,-8.07,-8.1,-7.76,-7,-5.72,-3.85,-1.26,2.18
4.97,5.43,5.52,5.57,5.62,5.77,5.88,5.81,5.69,5.63,6.51,-0.4,2.32,-0.47,-1.8,-2.69,-3.25,-3.02,-2.92,-4.03,-5.14,-5.29,-5.24,-5.77,-6.17,-6.36,-6.26,-5.76,-4.75,-3.05,-0.44,3.39
5.07,5.54,5.6,5.64,5.69,5.85,5.99,5.94,5.86,5.82,6.64,-0.05,2.3,-0.06,-1.04,-1.44,-1.52,-0.79,-0.44,-1.33,-1.77,-1.31,-0.8,-0.85,-0.75,-0.45,0.09,0.9,2.06,3.62,5.69,8.4
5.13,5.65,5.72,5.77,5.84,6.03,6.16,6.1,5.98,5.92,6.77,0.09,2.29,0.1,-0.6,-0.76,-0.65,0.27,1,0.32,-0.43,-0.4,-0.02,-0.03,0.09,0.43,1.06,2.09,3.67,5.96,9.21,13.75
5.3,5.74,5.84,5.86,5.9,6.1,6.27,6.19,6.05,5.97,6.89,0.34,2.27,-0.03,-0.15,-0.09,0.16,1.45,2.77,2.41,1.99,2.73,3.76,4.09,4.55,5.18,6.06,7.31,9.03,11.4,14.65,19.12
5.22,5.64,5.71,5.75,5.8,6,6.17,6.09,5.96,5.9,6.91,0.25,2.26,0,-0.03,0.07,0.32,1.58,2.62,1.97,1.31,1.4,1.94,2.17,2.53,3.07,3.85,4.97,6.51,8.62,11.49,15.4
5.43,5.8,5.92,5.95,5.99,6.13,6.24,6.18,6.07,6.01,6.9,0.37,2.24,0.06,0.45,0.79,1.17,2.24,3.18,2.91,2.49,2.68,3.27,3.64,4.14,4.81,5.72,6.95,8.58,10.76,13.65,17.5
5.7,6.02,6.06,6.09,6.12,6.23,6.32,6.28,6.22,6.18,6.96,0.73,2.23,0.42,1.28,2.13,3.16,4.68,5.82,6.04,6.28,6.76,7.57,8.39,9.28,10.26,11.39,12.73,14.36,16.37,18.91,22.16
5.98,6.25,6.3,6.33,6.37,6.5,6.6,6.56,6.49,6.45,7.14,1.23,2.21,1.2,2.71,4.19,5.87,8.12,9.72,10.23,11.12,12.31,13.8,15.2,16.57,17.94,19.33,20.77,22.32,24.03,25.99,28.35
6.31,6.62,6.66,6.7,6.72,6.75,6.77,6.74,6.7,6.67,6.75,1.3,2.2,2.34,4.44,6.46,8.28,9.88,11.02,11.75,12.56,13.54,14.63,15.53,16.31,16.96,17.49,17.88,18.13,18.25,18.24,18.09
6.2,6.54,6.59,6.61,6.62,6.66,6.69,6.6,6.45,6.36,6.46,1.31,2.19,2.42,4.76,6.78,8.53,10.16,11.35,11.8,12.08,12.83,14.36,15.77,16.95,17.86,18.47,18.71,18.56,17.94,16.83,15.14
6.28,6.51,6.44,6.37,6.31,6.29,6.26,6.17,6.03,5.96,6.28,0.96,2.18,2.64,4.68,6.17,7.27,8.2,8.73,8.67,8.42,8.67,9.5,10.11,10.54,10.79,10.86,10.74,10.46,10.03,9.47,8.82
6.24,6.7,6.65,6.6,6.56,6.52,6.47,6.36,6.22,6.15,6.33,0.81,2.17,3.21,5.08,6.46,7.29,7.78,8,7.62,6.96,6.81,7.2,7.37,7.38,7.25,6.96,6.52,5.94,5.22,4.37,3.39
6.37,6.7,6.67,6.59,6.53,6.52,6.51,6.43,6.29,6.22,6.48,0.82,2.16,3.4,5.16,6.46,7.22,7.78,7.96,7.51,6.79,6.53,6.82,6.91,6.87,6.74,6.52,6.26,5.99,5.76,5.64,5.71
6.08,6.39,6.31,6.22,6.17,6.21,6.25,6.18,6.05,5.98,6.4,0.62,2.15,2.98,4.33,5.18,5.57,6.07,6.35,5.81,4.92,4.46,4.58,4.5,4.34,4.13,3.91,3.74,3.71,3.9,4.44,5.48
6.06,6.31,6.24,6.18,6.15,6.17,6.19,6.14,6.05,6,6.17,0.88,2.14,3.02,5.06,6.44,7.23,7.86,8.45,8.5,8.14,8.02,8.27,8.34,8.27,8.08,7.8,7.45,7.07,6.72,6.46,6.35
6.22,6.18,6.08,6,5.97,5.97,5.97,5.89,5.74,5.66,6.08,0.79,2.13,2.73,4.74,6.03,6.64,7.03,7.48,7.35,6.67,6.45,6.86,7.03,7.08,7.03,6.91,6.77,6.65,6.62,6.79,7.25
6.07,5.98,5.9,5.86,5.84,5.89,5.94,5.89,5.81,5.77,6.35,1.07,2.12,3.39,5.91,7.66,8.6,9.31,9.86,9.78,9.69,9.87,10.28,10.39,10.35,10.2,9.99,9.79,9.68,9.76,10.17,11.08
6.12,5.93,5.86,5.83,5.82,5.85,5.87,5.84,5.78,5.75,6.18,1.3,2.11,3.68,6.58,8.55,9.61,10.35,11.25,11.75,12,12.4,12.96,13.3,13.51,13.61,13.66,13.73,13.91,14.29,15,16.21
5.92,5.6,5.51,5.44,5.4,5.45,5.5,5.49,5.48,5.48,5.96,0.63,2.1,3.22,4.9,5.86,6.02,6.03,5.84,5.36,5.26,5.28,5.23,4.97,4.63,4.23,3.8,3.34,2.9,2.48,2.12,1.86
5.31,5.1,5.05,5.01,4.98,5.08,5.18,5.16,5.14,5.12,5.86,0.16,2.09,2.72,3.67,3.84,3.25,2.84,2.35,1.21,0.35,-0.36,-1.03,-1.82,-2.59,-3.31,-3.92,-4.36,-4.58,-4.5,-4.01,-3.02
4.6,4.62,4.67,4.76,4.87,5.01,5.13,5.17,5.21,5.25,5.91,0.3,2.09,2.35,3.06,3.23,3.09,2.96,2.76,2.25,1.9,1.69,1.56,1.34,1.07,0.79,0.5,0.23,0.01,-0.11,-0.09,0.12
4.47,4.41,4.48,4.59,4.72,4.88,4.98,4.97,4.96,4.95,5.86,0.21,2.08,2.1,2.83,2.88,2.94,3.11,2.65,1.58,1.02,0.57,0.06,-0.52,-1.03,-1.43,-1.69,-1.77,-1.63,-1.23,-0.52,0.55
4.09,4.18,4.34,4.5,4.65,4.81,4.91,4.94,4.96,4.98,5.99,-0.16,2.07,1.57,1.44,0.83,0.28,-0.21,-1.16,-2.42,-3.17,-3.72,-4.18,-4.69,-5.13,-5.48,-5.71,-5.8,-5.72,-5.42,-4.88,-4.04
3.94,4.31,4.57,4.81,5.02,5.18,5.29,5.35,5.39,5.43,6.27,0.51,2.07,2.33,3.25,3.7,3.97,4.09,4.11,3.91,3.82,3.88,4.04,4.14,4.23,4.34,4.49,4.7,5,5.45,6.07,6.93
3.63,4.23,4.51,4.77,4.99,5.21,5.36,5.43,5.48,5.53,6.28,0.61,2.06,2.5,3.43,4.14,4.77,5.4,5.76,5.66,5.56,5.53,5.62,5.64,5.61,5.54,5.44,5.35,5.29,5.32,5.47,5.82
3.72,4.26,4.54,4.8,5.02,5.22,5.37,5.43,5.47,5.51,6.21,0.76,2.05,2.74,4.08,5.27,6.14,6.82,7.29,7.29,7.27,7.3,7.41,7.42,7.34,7.17,6.95,6.7,6.45,6.24,6.14,6.19
3.53,3.8,4.08,4.37,4.62,4.8,4.94,5.03,5.1,5.17,5.91,0.75,2.05,2.26,4.23,5.87,6.92,7.31,7.39,7.24,7.22,7.26,7.34,7.32,7.18,6.92,6.55,6.1,5.59,5.05,4.53,4.08
3.41,3.65,3.93,4.24,4.51,4.68,4.79,4.85,4.88,4.93,5.82,0.88,2.04,2.14,4.07,6.01,7.55,8.33,8.47,8.2,8.21,8.4,8.66,8.77,8.82,8.82,8.8,8.81,8.88,9.07,9.45,10.1
2.49,2.87,3.24,3.63,3.99,4.27,4.47,4.57,4.64,4.72,5.94,1.19,2.04,1.71,3.78,5.96,8.09,9.82,10.63,10.73,11.26,12.04,12.92,13.64,14.3,14.93,15.53,16.13,16.74,17.41,18.15,19.02
2.07,2.45,2.89,3.34,3.72,3.95,4.12,4.24,4.33,4.42,5.43,0.65,2.03,1.36,3.23,5.12,6.7,7.39,7.36,6.95,6.77,6.68,6.66,6.53,6.27,5.9,5.44,4.9,4.31,3.7,3.12,2.62
2.06,2.85,3.33,3.77,4.15,4.46,4.67,4.77,4.84,4.91,5.99,0.92,2.03,2.08,3.74,5.44,6.92,8.01,8.37,8.15,8.34,8.77,9.31,9.71,10.06,10.37,10.65,10.91,11.17,11.45,11.77,12.15
2.17,3.09,3.62,4.08,4.46,4.76,4.97,5.07,5.14,5.21,6.16,1.51,2.03,2.68,5.47,8.16,10.45,12.27,13.58,14.21,14.83,15.5,16.3,17.04,17.67,18.22,18.71,19.17,19.65,20.21,20.9,21.82
2.29,3.18,3.73,4.16,4.5,4.75,4.94,5.05,5.13,5.21,6.04,1.36,2.02,2.75,5.46,7.83,9.61,10.85,11.88,12.54,13.13,13.71,14.39,15.03,15.56,15.99,16.34,16.63,16.87,17.12,17.4,17.78
2.25,3.08,3.67,4.05,4.34,4.62,4.81,4.89,4.94,5,6.05,1.45,2.02,2.66,5.71,8.18,10.09,11.79,13.07,13.57,13.97,14.42,15.04,15.62,16.14,16.62,17.12,17.69,18.4,19.36,20.67,22.48
2.7,3.74,4.36,4.72,4.99,5.24,5.41,5.46,5.49,5.54,6.44,1.81,2.02,3.59,7.34,10.34,12.64,14.61,16.13,16.87,17.51,18.18,18.98,19.7,20.32,20.87,21.4,21.98,22.68,23.61,24.87,26.63
2.35,3.26,3.87,4.29,4.61,4.83,4.99,5.09,5.17,5.24,6.12,1.52,2.01,2.94,6.23,8.94,10.87,12.13,13.21,13.96,14.52,15.03,15.71,16.42,17.03,17.55,18.03,18.51,19.06,19.75,20.68,21.97
2.34,3.24,3.76,4.14,4.44,4.69,4.88,5.02,5.13,5.23,6.18,1.93,2.01,3,6.29,9.46,12.07,14.12,15.83,17.17,18.53,19.86,21.28,22.71,24.04,25.29,26.47,27.6,28.69,29.77,30.88,32.06
2.06,2.91,3.4,3.81,4.16,4.43,4.63,4.78,4.9,5.01,6.11,1.63,2,2.68,5.49,8.19,10.39,11.99,13.34,14.38,15.39,16.38,17.51,18.69,19.8,20.85,21.87,22.88,23.9,24.97,26.14,27.48
1.8,2.24,2.69,3.16,3.6,3.94,4.21,4.4,4.55,4.68,5.91,0.49,1.99,1.39,2.65,3.8,4.44,4.56,4.71,4.58,4.42,4.25,4.26,4.35,4.39,4.4,4.36,4.31,4.25,4.22,4.25,4.38
1.74,2.15,2.51,2.9,3.27,3.61,3.88,4.04,4.16,4.28,5.53,0.17,1.99,1.2,1.89,2.27,2.32,2.27,2.24,1.74,1.18,0.68,0.41,0.19,-0.05,-0.3,-0.53,-0.73,-0.85,-0.84,-0.65,-0.2
1.53,1.72,2.03,2.34,2.66,3.03,3.34,3.5,3.63,3.75,5.29,0.15,1.98,0.76,1.55,1.95,1.96,2.13,2.4,1.93,1.16,0.39,-0.03,-0.27,-0.51,-0.72,-0.85,-0.81,-0.54,0.09,1.22,3.02
1.46,1.68,2.06,2.46,2.85,3.23,3.55,3.76,3.93,4.09,5.59,0.13,1.98,0.59,1.01,1.25,1.25,1.27,1.48,1.27,0.82,0.31,0.1,0.14,0.19,0.27,0.41,0.64,1,1.57,2.4,3.59
1.56,2.09,2.53,2.95,3.34,3.71,3.99,4.15,4.26,4.37,5.7,0.37,1.97,1.22,1.88,2.48,2.94,3.47,3.88,3.62,3.2,2.84,2.75,2.76,2.77,2.81,2.9,3.1,3.45,4.02,4.92,6.23
1.32,1.61,2,2.42,2.83,3.17,3.45,3.66,3.83,3.98,5.31,0.08,1.96,0.64,0.99,1.2,1.25,1.14,1.1,0.81,0.38,-0.11,-0.37,-0.43,-0.48,-0.53,-0.55,-0.54,-0.45,-0.27,0.06,0.58
1.31,1.72,2.17,2.65,3.08,3.4,3.65,3.84,4.01,4.15,5.39,0.32,1.95,0.86,1.52,2.18,2.74,2.92,3.03,2.98,2.85,2.68,2.67,2.83,2.97,3.11,3.25,3.39,3.55,3.76,4.02,4.37
1.24,1.53,1.92,2.34,2.73,3.06,3.33,3.53,3.7,3.85,5.16,0.2,1.94,0.61,1.19,1.68,1.87,1.79,1.97,1.99,1.77,1.41,1.25,1.31,1.36,1.41,1.47,1.55,1.68,1.9,2.23,2.72
1.19,1.51,1.94,2.4,2.83,3.17,3.45,3.65,3.83,3.98,5.33,0.43,1.92,0.64,1.43,2.42,3.19,3.6,3.97,4.1,4.09,3.99,4.1,4.39,4.68,4.96,5.24,5.55,5.9,6.32,6.85,7.53
1.22,1.51,1.96,2.46,2.9,3.23,3.49,3.7,3.89,4.05,5.21,-0.13,1.91,0.25,0.02,-0.05,-0.03,-0.34,-0.74,-1.13,-1.43,-1.78,-2.06,-2.19,-2.31,-2.44,-2.59,-2.8,-3.08,-3.48,-4.03,-4.8
1.13,1.33,1.59,1.95,2.33,2.66,2.94,3.16,3.34,3.5,4.77,-0.73,1.9,-0.3,-1.48,-2.72,-3.64,-4.52,-5.4,-6.42,-7.39,-8.36,-9.19,-9.85,-10.48,-11.08,-11.66,-12.24,-12.83,-13.43,-14.07,-14.76
1.09,1.32,1.67,2.09,2.5,2.84,3.11,3.33,3.52,3.68,4.95,-0.53,1.88,-0.54,-1.51,-2.29,-2.82,-3.42,-4.06,-4.79,-5.44,-6.09,-6.61,-6.97,-7.28,-7.55,-7.81,-8.06,-8.33,-8.66,-9.09,-9.64
1.28,1.81,2.35,2.93,3.46,3.83,4.11,4.34,4.53,4.69,5.96,0.49,1.87,0.2,0.39,1.13,2.15,2.85,3.41,3.88,4.43,4.97,5.6,6.39,7.24,8.14,9.06,9.96,10.79,11.51,12.02,12.26
1.35,1.96,2.53,3.07,3.53,3.87,4.12,4.32,4.49,4.63,5.81,0.75,1.85,0.57,1.41,2.65,3.98,4.98,5.73,6.33,7.03,7.74,8.53,9.41,10.32,11.24,12.15,13.04,13.85,14.56,15.1,15.41
1.15,1.5,1.96,2.46,2.9,3.24,3.51,3.75,3.96,4.13,5.37,0.27,1.83,-0.35,-0.54,-0.03,0.71,1.19,1.47,1.79,2.35,2.9,3.46,4.16,4.92,5.73,6.53,7.28,7.9,8.3,8.38,8.01
1.31,1.86,2.38,2.89,3.34,3.65,3.91,4.14,4.35,4.52,5.65,0.69,1.82,0.12,0.69,1.76,3.01,3.94,4.66,5.44,6.46,7.42,8.37,9.44,10.58,11.74,12.88,13.95,14.86,15.53,15.82,15.61
1.39,2.07,2.58,3.04,3.44,3.75,4,4.19,4.36,4.51,5.65,0.43,1.8,0.11,0.3,0.87,1.66,2.33,2.81,3.2,3.76,4.36,5.03,5.79,6.61,7.48,8.36,9.23,10.01,10.67,11.11,11.26
1.26,1.85,2.39,2.89,3.31,3.63,3.88,4.1,4.29,4.45,5.52,0.46,1.78,-0.32,-0.27,0.51,1.47,2.2,2.84,3.53,4.34,5.07,5.81,6.72,7.71,8.75,9.8,10.8,11.69,12.38,12.77,12.74
1.28,1.85,2.37,2.83,3.23,3.53,3.78,3.99,4.17,4.32,5.42,0.44,1.77,-0.55,-0.77,-0.27,0.5,1.25,2.06,2.91,3.86,4.77,5.71,6.83,8.07,9.39,10.76,12.12,13.4,14.52,15.37,15.82
1.21,1.66,2.14,2.64,3.07,3.35,3.57,3.79,3.99,4.15,5.26,0.09,1.75,-1.08,-1.97,-1.93,-1.49,-1.25,-0.98,-0.44,0.32,1.05,1.79,2.71,3.78,4.96,6.19,7.42,8.55,9.48,10.09,10.21
1.2,1.6,2,2.44,2.85,3.16,3.42,3.65,3.85,4.02,5.19,-0.15,1.74,-1.34,-2.82,-3.36,-3.36,-3.26,-3,-2.58,-2.02,-1.5,-0.93,-0.13,0.83,1.94,3.13,4.34,5.49,6.47,7.16,7.42
1.55,2.32,2.89,3.33,3.7,3.99,4.22,4.4,4.56,4.7,5.73,0.72,1.74,-0.24,-0.23,0.56,1.62,2.79,4.06,5.29,6.49,7.63,8.86,10.28,11.83,13.49,15.22,16.98,18.72,20.37,21.85,23.06
1.83,2.55,3.13,3.54,3.88,4.15,4.37,4.54,4.69,4.82,5.79,0.98,1.73,-0.05,0.34,1.37,2.7,4.2,5.79,7.36,8.96,10.52,12.12,13.88,15.77,17.74,19.77,21.8,23.76,25.58,27.16,28.36
2.09,2.71,3.18,3.56,3.87,4.13,4.34,4.51,4.65,4.77,5.71,0.96,1.72,-0.12,0.13,1.12,2.47,4.05,5.68,7.26,8.82,10.32,11.89,13.65,15.53,17.51,19.57,21.66,23.73,25.71,27.52,29.08
2.13,2.69,3.11,3.46,3.76,4.02,4.22,4.38,4.52,4.64,5.62,0.56,1.71,-0.55,-0.85,-0.48,0.3,1.33,2.43,3.51,4.64,5.82,7.1,8.55,10.14,11.85,13.66,15.53,17.4,19.21,20.88,22.33
1.99,2.42,2.76,3.08,3.37,3.63,3.84,4,4.13,4.26,5.31,0.44,1.71,-0.93,-1.38,-1.15,-0.51,0.41,1.47,2.44,3.44,4.5,5.7,7.07,8.6,10.27,12.06,13.94,15.86,17.78,19.64,21.37
2.21,2.64,2.9,3.17,3.42,3.66,3.86,4.01,4.14,4.26,5.24,0.14,1.7,-0.95,-1.87,-2.1,-1.85,-1.17,-0.37,0.25,0.86,1.45,2.17,3.08,4.13,5.3,6.58,7.94,9.34,10.75,12.12,13.39
2.28,2.56,2.83,3.09,3.33,3.57,3.77,3.92,4.05,4.16,5.13,-0.17,1.7,-1.46,-2.59,-3.16,-3.33,-3.14,-2.75,-2.41,-2.06,-1.69,-1.21,-0.57,0.21,1.1,2.09,3.14,4.21,5.23,6.16,6.92
2.63,3.03,3.3,3.54,3.76,3.96,4.14,4.26,4.37,4.46,5.35,0.15,1.7,-0.92,-1.56,-1.7,-1.5,-0.95,-0.28,0.3,0.93,1.66,2.51,3.47,4.53,5.65,6.81,7.98,9.12,10.16,11.06,11.75
2.75,3.09,3.26,3.46,3.66,3.84,4,4.13,4.24,4.34,5.13,0.11,1.7,-0.96,-1.79,-2.01,-1.86,-1.45,-0.88,-0.27,0.44,1.18,2,2.96,4.02,5.17,6.36,7.57,8.74,9.81,10.71,11.36
2.96,3.3,3.44,3.59,3.73,3.86,3.96,4.05,4.13,4.21,4.85,-0.15,1.7,-0.95,-1.72,-2.06,-2.18,-2.16,-2.09,-1.98,-1.8,-1.57,-1.28,-0.9,-0.44,0.07,0.64,1.22,1.79,2.33,2.78,3.11
3.2,3.6,3.76,3.9,4.02,4.13,4.22,4.29,4.36,4.42,4.98,0.01,1.7,-0.73,-1.29,-1.6,-1.62,-1.44,-1.14,-0.78,-0.37,0.12,0.68,1.32,2.02,2.78,3.56,4.34,5.09,5.78,6.35,6.76
3.35,3.81,3.97,4.1,4.2,4.29,4.37,4.44,4.5,4.56,5.05,-0.14,1.7,-0.55,-1.07,-1.45,-1.63,-1.7,-1.73,-1.69,-1.58,-1.45,-1.29,-1.07,-0.81,-0.52,-0.23,0.05,0.27,0.42,0.46,0.33
3.33,3.67,3.74,3.83,3.92,3.99,4.06,4.13,4.2,4.26,4.77,-0.59,1.69,-0.9,-1.86,-2.63,-3.31,-4.02,-4.68,-5.26,-5.77,-6.29,-6.8,-7.25,-7.66,-8.04,-8.4,-8.74,-9.09,-9.46,-9.87,-10.35
3.32,3.61,3.66,3.71,3.77,3.83,3.88,3.93,3.98,4.04,4.55,-0.84,1.69,-1.18,-2.43,-3.56,-4.6,-5.57,-6.47,-7.31,-8.12,-8.93,-9.72,-10.44,-11.12,-11.77,-12.38,-12.97,-13.54,-14.1,-14.66,-15.23
3.45,3.66,3.67,3.69,3.73,3.77,3.81,3.86,3.92,3.97,4.4,-0.94,1.69,-1.33,-2.75,-4.05,-5.25,-6.34,-7.37,-8.3,-9.14,-9.99,-10.83,-11.61,-12.34,-13.04,-13.71,-14.37,-15.03,-15.7,-16.4,-17.17
3.8,4.03,4.07,4.1,4.13,4.17,4.2,4.24,4.27,4.31,4.67,-0.53,1.68,-0.86,-1.54,-2.19,-2.81,-3.34,-3.86,-4.4,-4.96,-5.54,-6.09,-6.6,-7.08,-7.53,-7.95,-8.35,-8.72,-9.05,-9.36,-9.63
3.77,3.84,3.83,3.85,3.87,3.9,3.94,3.97,4.01,4.04,4.4,-0.58,1.68,-1.1,-1.85,-2.49,-3.19,-3.82,-4.37,-4.86,-5.35,-5.88,-6.4,-6.88,-7.34,-7.79,-8.24,-8.69,-9.16,-9.64,-10.15,-10.71
4.01,4.18,4.18,4.18,4.18,4.2,4.24,4.28,4.32,4.37,4.73,-0.19,1.68,-0.55,-0.87,-1.12,-1.46,-1.72,-1.88,-1.97,-1.98,-2,-2.03,-2.02,-2,-1.97,-1.93,-1.91,-1.92,-1.96,-2.06,-2.25
4.31,4.4,4.41,4.43,4.45,4.48,4.5,4.53,4.56,4.59,4.95,0.01,1.67,-0.49,-0.48,-0.42,-0.34,-0.26,-0.2,-0.04,0.14,0.27,0.41,0.6,0.81,1.03,1.27,1.52,1.78,2.04,2.3,2.56
4.34,4.42,4.41,4.41,4.42,4.44,4.45,4.47,4.48,4.5,4.95,0.08,1.67,-0.43,-0.33,-0.21,-0.07,0.08,0.2,0.32,0.45,0.62,0.86,1.16,1.5,1.88,2.32,2.81,3.36,3.98,4.69,5.49
4.38,4.41,4.37,4.35,4.35,4.35,4.36,4.37,4.38,4.4,4.7,-0.26,1.67,-0.56,-0.9,-1.16,-1.46,-1.73,-2.03,-2.29,-2.53,-2.75,-2.93,-3.09,-3.25,-3.4,-3.56,-3.72,-3.89,-4.06,-4.24,-4.43
4.58,4.54,4.49,4.47,4.47,4.48,4.49,4.5,4.52,4.54,4.83,-0.25,1.67,-0.59,-0.99,-1.22,-1.53,-1.79,-2.03,-2.25,-2.44,-2.6,-2.73,-2.84,-2.95,-3.07,-3.2,-3.35,-3.51,-3.71,-3.92,-4.17
4.73,4.69,4.67,4.64,4.6,4.58,4.56,4.55,4.54,4.54,4.76,-0.03,1.66,-0.31,-0.01,0.2,0.22,0.18,0.09,0,-0.13,-0.26,-0.39,-0.52,-0.66,-0.8,-0.93,-1.05,-1.14,-1.19,-1.2,-1.14
4.82,4.82,4.83,4.83,4.82,4.82,4.83,4.84,4.85,4.87,5.17,0.19,1.66,-0.08,0.53,0.88,1.14,1.44,1.68,1.83,1.99,2.13,2.25,2.37,2.48,2.6,2.72,2.86,3.02,3.21,3.43,3.69
4.9,4.87,4.87,4.89,4.92,4.96,4.99,5.03,5.06,5.1,5.42,0.4,1.66,-0.05,0.52,1.06,1.68,2.33,2.92,3.46,4.03,4.56,5.08,5.61,6.14,6.68,7.2,7.72,8.22,8.69,9.15,9.56
5.07,5.04,5.03,5.03,5.04,5.05,5.06,5.08,5.11,5.14,5.46,0.22,1.67,0.06,0.18,0.43,0.68,0.94,1.2,1.51,1.88,2.26,2.65,3.06,3.47,3.89,4.31,4.72,5.14,5.54,5.93,6.3
5.21,5.16,5.13,5.11,5.1,5.1,5.11,5.12,5.14,5.16,5.38,0.12,1.67,0.2,0.43,0.54,0.64,0.78,0.89,0.99,1.09,1.16,1.23,1.3,1.38,1.45,1.53,1.63,1.75,1.9,2.09,2.33
5.11,4.97,4.93,4.91,4.91,4.91,4.93,4.95,4.98,5,5.25,0.18,1.68,-0.03,0.56,0.9,1.16,1.37,1.57,1.73,1.89,1.99,2.09,2.22,2.33,2.43,2.53,2.64,2.76,2.92,3.13,3.41
5.01,4.78,4.7,4.7,4.69,4.7,4.7,4.7,4.72,4.75,5.04,0.16,1.68,0.37,0.8,1.3,1.67,1.88,1.97,1.98,1.91,1.73,1.54,1.4,1.22,1.02,0.82,0.65,0.54,0.53,0.67,1
4.91,4.7,4.61,4.59,4.58,4.59,4.6,4.61,4.63,4.65,4.92,0.05,1.69,0.45,0.99,1.36,1.47,1.39,1.28,1.09,0.75,0.29,-0.11,-0.42,-0.78,-1.16,-1.54,-1.88,-2.14,-2.25,-2.16,-1.79
4.99,4.7,4.61,4.57,4.56,4.56,4.56,4.57,4.59,4.61,4.89,0.1,1.7,0.38,0.97,1.5,1.68,1.51,1.45,1.37,1.19,0.91,0.63,0.42,0.16,-0.12,-0.4,-0.64,-0.82,-0.88,-0.78,-0.45
4.94,4.61,4.51,4.46,4.44,4.44,4.44,4.44,4.45,4.46,4.74,0.4,1.7,1.02,2.52,3.64,4.29,4.57,4.81,4.88,4.62,4.11,3.66,3.33,2.92,2.46,1.99,1.59,1.31,1.23,1.47,2.13
5,4.81,4.73,4.7,4.69,4.69,4.69,4.7,4.7,4.71,5,0.59,1.71,1.29,3.11,4.61,5.52,5.81,6.18,6.38,6.26,5.9,5.61,5.46,5.24,4.98,4.73,4.54,4.48,4.64,5.12,6.01
5.09,4.94,4.84,4.82,4.81,4.81,4.82,4.82,4.82,4.83,5.11,1.03,1.71,2.67,5.1,7.37,8.83,9.55,10.26,10.73,10.76,10.47,10.24,10.15,9.88,9.5,9.06,8.64,8.33,8.26,8.55,9.37
4.96,4.64,4.54,4.52,4.51,4.52,4.53,4.54,4.55,4.56,4.87,0.89,1.72,2.55,5.36,7.5,8.82,9.5,9.98,10.16,9.9,9.3,8.76,8.32,7.65,6.8,5.83,4.83,3.91,3.22,2.91,3.19
4.9,4.57,4.53,4.53,4.54,4.55,4.58,4.61,4.64,4.67,5.03,1.07,1.72,2.69,5.46,7.86,9.26,9.96,10.8,11.39,11.46,11.16,10.94,10.83,10.5,9.98,9.34,8.66,8.03,7.6,7.52,7.97
4.89,4.59,4.53,4.51,4.5,4.52,4.55,4.58,4.61,4.65,4.98,0.76,1.72,2.44,4.12,5.66,6.48,6.91,7.51,7.98,8.08,7.91,7.75,7.64,7.35,6.93,6.4,5.81,5.23,4.73,4.42,4.41
4.95,4.92,4.88,4.86,4.86,4.86,4.87,4.88,4.89,4.91,5.19,0.75,1.72,2.67,4.35,5.67,6.47,6.98,7.53,7.93,7.97,7.76,7.52,7.31,6.94,6.45,5.87,5.26,4.67,4.18,3.88,3.89
4.91,4.87,4.89,4.91,4.92,4.94,4.97,4.99,5.02,5.05,5.29,0.94,1.72,2.47,4.49,5.95,7.04,7.89,8.71,9.41,9.78,9.88,9.99,10.17,10.19,10.08,9.87,9.59,9.32,9.12,9.08,9.29
4.85,4.55,4.54,4.56,4.6,4.64,4.68,4.72,4.77,4.81,5.09,0.7,1.72,1.98,3.74,4.94,5.88,6.57,7.17,7.63,7.75,7.55,7.37,7.31,7.07,6.69,6.19,5.62,5.04,4.53,4.17,4.09
4.19,4.15,4.16,4.2,4.26,4.32,4.38,4.45,4.52,4.59,5.01,0.72,1.72,1.94,3.56,4.78,5.58,6.04,6.45,6.84,7.17,7.34,7.49,7.69,7.77,7.74,7.62,7.43,7.18,6.92,6.69,6.54
4.05,3.97,4.03,4.13,4.25,4.33,4.41,4.5,4.58,4.65,5.02,0.8,1.72,2.11,4.04,5.62,6.51,6.82,7.28,7.76,7.99,7.9,7.87,8.09,8.2,8.22,8.17,8.05,7.89,7.72,7.57,7.49
4.04,3.94,3.94,4.03,4.18,4.25,4.32,4.39,4.47,4.53,4.92,0.6,1.72,2.49,4.65,6.68,7.56,7.19,7.35,7.44,6.75,5.4,4.3,3.76,3.08,2.28,1.4,0.47,-0.45,-1.3,-2.01,-2.51
3.26,3.04,3.09,3.24,3.43,3.56,3.68,3.81,3.95,4.05,4.62,1.07,1.72,1.91,4.01,5.88,7.39,8.31,9.34,10.44,11.2,11.49,11.79,12.38,12.85,13.2,13.45,13.61,13.7,13.74,13.77,13.82
3.34,3.04,3.07,3.24,3.47,3.61,3.74,3.88,4.02,4.13,4.68,1.68,1.72,2.38,4.34,6.6,8.83,10.51,12.36,14.41,16.46,18.25,19.86,21.5,23.06,24.52,25.87,27.07,28.08,28.87,29.39,29.58
2.11,2.17,2.27,2.54,2.85,3.06,3.25,3.44,3.64,3.79,4.62,0.93,1.73,1.72,2.82,4.06,5.65,6.88,8.01,9.23,10.22,10.69,11.05,11.63,12.11,12.46,12.67,12.73,12.61,12.31,11.8,11.08
1.77,1.65,1.87,2.2,2.53,2.79,3.02,3.26,3.49,3.67,4.71,0.75,1.73,0.81,1.85,2.79,4.01,4.88,4.82,4.93,6.27,7.71,8.93,10.09,11.27,12.4,13.41,14.19,14.62,14.55,13.78,12.1
1.55,1.62,1.79,2.13,2.49,2.73,2.94,3.17,3.4,3.58,4.63,0.98,1.73,1.12,2.21,3.5,5.21,6.38,6.84,7.45,8.84,10.2,11.4,12.67,13.96,15.22,16.41,17.45,18.27,18.75,18.79,18.22
1.85,2.3,2.5,2.79,3.06,3.24,3.4,3.57,3.74,3.88,4.78,0.9,1.73,2.25,3.82,5.13,6.54,7.35,7.27,7.24,7.93,8.66,9.29,9.91,10.46,10.93,11.3,11.53,11.59,11.45,11.04,10.32
2.22,2.67,2.94,3.22,3.45,3.6,3.74,3.89,4.04,4.17,5.04,0.92,1.73,2.64,4.76,6.35,7.32,7.46,6.97,6.72,7.31,8.04,8.69,9.29,9.83,10.3,10.69,10.96,11.09,11.05,10.79,10.29
2.36,2.63,2.92,3.17,3.37,3.53,3.66,3.82,3.97,4.09,4.84,0.76,1.74,2.35,4.18,5.35,5.91,5.84,5.31,5.11,5.77,6.53,7.17,7.75,8.29,8.77,9.15,9.4,9.45,9.25,8.73,7.8
2.27,2.52,2.82,3.07,3.28,3.46,3.62,3.79,3.97,4.11,4.9,0.78,1.74,2.3,3.93,5.11,5.62,5.56,5.3,5.39,6.14,6.92,7.57,8.23,8.86,9.44,9.93,10.29,10.45,10.36,9.93,9.09
2.17,2.36,2.61,2.88,3.13,3.33,3.51,3.67,3.82,3.94,4.73,0.74,1.74,2.12,3.71,4.84,5.51,5.65,5.41,5.3,5.81,6.41,6.99,7.56,8.1,8.59,9.02,9.35,9.57,9.62,9.47,9.08
1.78,2,2.29,2.67,3.02,3.26,3.45,3.65,3.84,3.98,4.68,0.82,1.74,1.82,3.18,4.5,5.61,5.99,5.99,6.3,7.25,8.13,8.84,9.55,10.21,10.8,11.29,11.64,11.82,11.78,11.48,10.86
1.34,1.56,1.81,2.32,2.85,3.14,3.38,3.68,3.99,4.21,5.1,0.92,1.74,1.41,2.27,3.62,5.24,5.71,5.77,6.57,8.39,9.95,11.03,12.14,13.2,14.17,15.02,15.69,16.15,16.34,16.2,15.67
0.9,1,1.27,1.62,1.96,2.19,2.4,2.63,2.86,3.04,3.97,0.12,1.74,0.83,1.58,2.21,2.48,2,1.2,0.71,0.8,0.74,0.53,0.45,0.31,0.09,-0.24,-0.71,-1.35,-2.2,-3.29,-4.67
0.37,0.76,1,1.3,1.57,1.75,1.9,2.05,2.19,2.31,3.26,-0.97,1.73,0.68,0.35,-0.32,-1.56,-3.62,-6.13,-8.55,-10.46,-12.26,-13.92,-15.51,-17.14,-18.83,-20.54,-22.26,-23.94,-25.56,-27.03,-28.3
0.51,0.94,1.33,1.62,1.87,2.1,2.32,2.55,2.79,2.98,4.2,-0.13,1.73,1.07,1.83,1.8,1.2,0.15,-1.29,-2.44,-2.98,-3.54,-4,-4.17,-4.32,-4.46,-4.6,-4.76,-4.96,-5.2,-5.53,-5.95
0.72,1,1.41,1.72,2.02,2.43,2.77,2.92,3.02,3.12,4.35,-0.04,1.72,0.96,1.88,2.03,1.85,2.11,1.89,0.5,-0.87,-2.13,-2.96,-3.59,-4.25,-4.89,-5.47,-5.91,-6.1,-5.92,-5.22,-3.83
0.57,0.81,1.16,1.43,1.69,2.03,2.34,2.53,2.67,2.8,3.91,-0.52,1.72,0.64,0.85,0.29,-0.66,-1.4,-2.45,-4.15,-5.76,-7.35,-8.58,-9.53,-10.48,-11.43,-12.35,-13.22,-13.99,-14.61,-15.02,-15.16
0.49,0.91,1.39,1.73,2.05,2.44,2.78,2.98,3.15,3.28,4.47,0.08,1.71,0.92,1.73,1.87,1.66,1.76,1.64,0.81,-0.08,-1,-1.5,-1.62,-1.69,-1.72,-1.68,-1.55,-1.31,-0.93,-0.38,0.38
0.47,0.92,1.43,1.92,2.39,2.83,3.17,3.35,3.49,3.61,4.72,0.65,1.71,1.03,2.3,3.42,4.56,5.8,6.58,6.5,6.26,5.97,6.05,6.42,6.77,7.14,7.53,7.99,8.56,9.28,10.23,11.47
0.56,1.11,1.65,2.15,2.59,2.99,3.29,3.45,3.56,3.66,4.63,0.96,1.7,1.35,3.18,5.01,6.71,8.31,9.4,9.59,9.62,9.59,9.89,10.4,10.85,11.27,11.7,12.17,12.76,13.53,14.57,15.98
0.48,1.13,1.63,2.13,2.58,2.96,3.24,3.41,3.54,3.65,4.62,1.01,1.7,1.5,3.32,5.51,7.54,9.13,10.07,10.21,10.16,9.97,10.14,10.62,11.06,11.47,11.88,12.32,12.84,13.49,14.33,15.43
0.43,0.97,1.5,1.99,2.44,2.83,3.13,3.3,3.42,3.53,4.44,1.25,1.69,1.27,3.13,5.38,7.65,9.82,11.42,12.15,12.72,13.16,13.89,14.84,15.75,16.63,17.5,18.38,19.32,20.36,21.56,22.98
0.4,0.95,1.46,1.93,2.35,2.73,3.02,3.19,3.32,3.43,4.3,1.1,1.68,1.24,3.14,5.4,7.59,9.56,10.92,11.41,11.7,11.79,12.13,12.72,13.22,13.64,14.01,14.36,14.73,15.17,15.75,16.52
0.37,0.9,1.44,1.92,2.35,2.76,3.08,3.27,3.42,3.55,4.51,1.11,1.67,1.22,3.27,5.78,8.15,10.27,11.73,12.2,12.36,12.22,12.35,12.78,13.07,13.26,13.37,13.43,13.48,13.61,13.87,14.38
0.27,0.67,1.13,1.6,2.05,2.45,2.78,3.01,3.2,3.35,4.41,0.77,1.67,0.8,2.21,3.96,5.6,6.97,7.9,8.23,8.49,8.51,8.69,9.08,9.39,9.61,9.74,9.78,9.75,9.65,9.52,9.39
0.47,1.14,1.71,2.26,2.75,3.18,3.51,3.72,3.89,4.02,4.92,0.99,1.67,1.53,3.45,5.48,7.11,8.35,9.32,9.7,10,10.14,10.47,11.03,11.52,11.94,12.29,12.56,12.77,12.93,13.06,13.17
0.3,0.82,1.39,1.91,2.39,2.83,3.19,3.44,3.65,3.8,4.71,0.66,1.66,1.09,2.71,4.39,5.71,6.74,7.47,7.6,7.57,7.16,6.91,7.02,7.03,6.95,6.77,6.49,6.08,5.57,4.94,4.22
0.32,0.81,1.37,1.88,2.35,2.79,3.16,3.42,3.63,3.79,4.75,0.66,1.65,1.05,2.41,3.63,4.63,5.57,6.32,6.6,6.85,6.83,6.95,7.35,7.7,7.99,8.21,8.32,8.32,8.17,7.85,7.35
0.41,1.02,1.61,2.13,2.6,3.04,3.4,3.66,3.87,4.03,4.88,0.8,1.63,1.34,2.83,4.23,5.36,6.41,7.32,7.87,8.42,8.67,8.94,9.42,9.81,10.1,10.28,10.33,10.26,10.05,9.72,9.28
0.41,0.97,1.52,2.02,2.48,2.89,3.23,3.49,3.71,3.87,4.66,0.78,1.62,1.32,2.93,4.64,5.92,6.87,7.71,8.24,8.63,8.57,8.55,8.84,9.04,9.13,9.12,8.99,8.76,8.43,8.01,7.53
0.34,0.76,1.27,1.72,2.14,2.52,2.84,3.09,3.3,3.46,4.34,0.67,1.6,1,2.56,4.18,5.37,6.22,6.89,7.22,7.41,7.19,7.09,7.33,7.51,7.61,7.62,7.53,7.33,7.03,6.61,6.08
0.32,0.61,1.01,1.42,1.82,2.18,2.49,2.73,2.94,3.1,4.01,0.22,1.59,0.71,1.79,2.92,3.59,3.81,3.79,3.44,3.04,2.33,1.73,1.43,1.04,0.55,-0.04,-0.75,-1.57,-2.5,-3.54,-4.66
0.29,0.55,0.84,1.22,1.62,2.02,2.37,2.65,2.9,3.08,4.03,0.48,1.57,0.61,1.52,2.94,4.14,4.97,5.61,5.83,6.01,5.73,5.47,5.56,5.55,5.43,5.19,4.83,4.34,3.74,3.03,2.23
0.25,0.47,0.72,1.03,1.35,1.67,1.97,2.2,2.41,2.57,3.45,0.51,1.56,0.59,1.52,2.86,4.02,4.93,5.75,6.19,6.44,6.27,6.12,6.24,6.26,6.16,5.93,5.58,5.12,4.54,3.88,3.16
0.27,0.42,0.64,0.95,1.29,1.64,1.96,2.23,2.46,2.64,3.64,0.86,1.54,0.44,1.16,2.25,3.43,4.7,6.09,7.32,8.59,9.57,10.53,11.75,12.99,14.22,15.4,16.5,17.47,18.26,18.82,19.07
0.22,0.34,0.51,0.81,1.18,1.57,1.94,2.26,2.54,2.76,3.98,0.82,1.52,0.34,0.81,1.8,2.98,4.22,5.47,6.53,7.73,8.58,9.52,10.93,12.42,13.96,15.51,17.02,18.42,19.62,20.51,20.99
0.27,0.45,0.72,1.09,1.49,1.88,2.22,2.5,2.75,2.94,4.15,1.08,1.51,0.51,1.4,2.86,4.52,6.15,7.62,8.8,10.08,11.12,12.34,13.98,15.72,17.52,19.36,21.19,22.94,24.56,25.93,26.96
0.29,0.61,1.03,1.54,2.05,2.46,2.8,3.07,3.29,3.46,4.46,1.66,1.49,0.81,2.29,4.8,7.68,10.31,12.64,14.59,16.48,18.06,19.77,21.86,24.02,26.2,28.39,30.53,32.58,34.46,36.09,37.38