Time Period,1-year yield,2-year yield,3-year yield,4-year yield,5-year yield,6-year yield,7-year yield,8-year yield,9-year yield,10-year yield,11-year yield,12-year yield,13-year yield,14-year yield,15-year yield,16-year yield,17-year yield,18-year yield,19-year yield,20-year yield
30/11/1970,5.06,5.39,5.72,5.86,5.99,6.19,6.38,6.42,6.45,6.49,6.48,6.47,6.46,6.45,6.44,6.43,6.42,6.41,6.40,6.39
31/12/1970,4.94,5.39,5.84,5.91,5.98,6.12,6.25,6.33,6.42,6.50,6.50,6.49,6.49,6.48,6.48,6.47,6.47,6.46,6.46,6.45
31/01/1971,4.23,4.79,5.34,5.56,5.78,5.93,6.07,6.08,6.08,6.09,6.09,6.09,6.08,6.08,6.08,6.08,6.08,6.07,6.07,6.07
28/02/1971,3.69,4.27,4.84,5.10,5.36,5.57,5.78,5.90,6.02,6.14,6.15,6.16,6.17,6.18,6.19,6.20,6.21,6.22,6.23,6.24
31/03/1971,3.92,4.24,4.56,4.81,5.06,5.21,5.36,5.42,5.47,5.53,5.56,5.59,5.62,5.65,5.68,5.71,5.74,5.77,5.80,5.83
30/04/1971,4.77,5.27,5.76,5.92,6.08,6.13,6.17,6.14,6.11,6.08,6.08,6.08,6.09,6.09,6.09,6.09,6.09,6.10,6.10,6.10
31/05/1971,5.13,5.52,5.91,6.08,6.24,6.32,6.40,6.39,6.39,6.38,6.37,6.36,6.35,6.34,6.33,6.31,6.30,6.29,6.28,6.27
30/06/1971,6.24,6.51,6.77,6.82,6.86,6.90,6.93,6.85,6.78,6.70,6.67,6.65,6.62,6.60,6.57,6.54,6.52,6.49,6.47,6.44
31/07/1971,6.18,6.51,6.83,6.90,6.96,6.98,6.99,6.94,6.90,6.85,6.81,6.77,6.72,6.68,6.64,6.60,6.56,6.51,6.47,6.43
31/08/1971,5.28,5.55,5.81,5.94,6.07,6.15,6.22,6.24,6.26,6.28,6.26,6.24,6.22,6.20,6.19,6.17,6.15,6.13,6.11,6.09
30/09/1971,5.27,5.52,5.77,5.92,6.06,6.08,6.10,6.07,6.03,6.00,6.00,5.99,5.99,5.99,5.99,5.98,5.98,5.98,5.97,5.97
31/10/1971,4.64,4.97,5.30,5.54,5.78,5.83,5.88,5.88,5.87,5.87,5.87,5.87,5.87,5.87,5.87,5.87,5.87,5.87,5.87,5.87
30/11/1971,4.76,5.08,5.39,5.62,5.84,5.95,6.05,6.01,5.97,5.93,5.93,5.93,5.94,5.94,5.94,5.94,5.94,5.95,5.95,5.95
31/12/1971,4.46,4.81,5.15,5.33,5.50,5.68,5.85,5.86,5.88,5.89,5.90,5.91,5.92,5.93,5.94,5.95,5.96,5.97,5.98,5.99
31/01/1972,4.36,4.84,5.32,5.54,5.75,5.90,6.05,6.06,6.08,6.09,6.09,6.09,6.09,6.09,6.09,6.09,6.09,6.09,6.09,6.09
29/02/1972,4.34,4.81,5.27,5.48,5.68,5.82,5.95,5.98,6.01,6.04,6.04,6.04,6.04,6.04,6.04,6.03,6.03,6.03,6.03,6.03
31/03/1972,5.11,5.49,5.86,5.98,6.10,6.13,6.16,6.15,6.13,6.12,6.12,6.12,6.12,6.12,6.12,6.11,6.11,6.11,6.11,6.11
30/04/1972,4.61,5.10,5.58,5.74,5.89,5.99,6.08,6.10,6.12,6.14,6.14,6.14,6.13,6.13,6.13,6.13,6.13,6.12,6.12,6.12
31/05/1972,4.64,5.05,5.46,5.63,5.79,5.90,6.00,6.02,6.03,6.05,6.04,6.03,6.02,6.01,6.01,6.00,5.99,5.98,5.97,5.96
30/06/1972,5.15,5.48,5.80,5.90,6.00,6.07,6.13,6.14,6.14,6.15,6.14,6.13,6.12,6.11,6.10,6.09,6.08,6.07,6.06,6.05
31/07/1972,4.82,5.29,5.75,5.87,5.98,6.05,6.11,6.11,6.12,6.12,6.11,6.09,6.08,6.06,6.05,6.04,6.02,6.01,5.99,5.98
31/08/1972,5.40,5.70,6.00,6.11,6.21,6.29,6.36,6.38,6.40,6.42,6.38,6.33,6.29,6.25,6.21,6.16,6.12,6.08,6.03,5.99
30/09/1972,5.61,5.83,6.04,6.11,6.18,6.26,6.34,6.41,6.47,6.54,6.50,6.45,6.41,6.36,6.32,6.27,6.23,6.18,6.14,6.09
31/10/1972,5.44,5.75,6.05,6.13,6.20,6.26,6.32,6.35,6.38,6.41,6.36,6.31,6.27,6.22,6.17,6.12,6.07,6.03,5.98,5.93
30/11/1972,5.35,5.66,5.96,6.04,6.12,6.15,6.17,6.21,6.24,6.28,6.23,6.19,6.14,6.10,6.05,6.00,5.96,5.91,5.87,5.82
31/12/1972,5.68,5.91,6.14,6.20,6.26,6.28,6.29,6.33,6.37,6.41,6.37,6.33,6.30,6.26,6.22,6.18,6.14,6.11,6.07,6.03
31/01/1973,6.09,6.27,6.44,6.45,6.45,6.44,6.43,6.47,6.50,6.54,6.57,6.60,6.64,6.67,6.70,6.73,6.76,6.80,6.83,6.86
28/02/1973,6.43,6.59,6.74,6.74,6.73,6.71,6.68,6.67,6.65,6.64,6.67,6.69,6.72,6.74,6.77,6.80,6.82,6.85,6.87,6.90
31/03/1973,7.09,6.99,6.89,6.85,6.81,6.79,6.76,6.75,6.74,6.73,6.75,6.76,6.78,6.79,6.81,6.83,6.84,6.86,6.87,6.89
30/04/1973,6.80,6.81,6.81,6.77,6.73,6.74,6.75,6.73,6.72,6.70,6.72,6.74,6.76,6.78,6.81,6.83,6.85,6.87,6.89,6.91
31/05/1973,7.16,7.01,6.85,6.82,6.78,6.82,6.86,6.88,6.91,6.93,6.94,6.95,6.97,6.98,6.99,7.00,7.01,7.03,7.04,7.05
30/06/1973,7.74,7.41,7.07,6.99,6.90,6.91,6.92,6.93,6.93,6.94,6.96,6.98,7.00,7.02,7.04,7.05,7.07,7.09,7.11,7.13
31/07/1973,8.87,8.45,8.02,7.95,7.87,7.76,7.65,7.58,7.50,7.43,7.45,7.47,7.49,7.51,7.53,7.55,7.57,7.59,7.61,7.63
31/08/1973,8.47,7.97,7.46,7.37,7.28,7.25,7.22,7.23,7.24,7.25,7.26,7.27,7.28,7.29,7.30,7.31,7.32,7.33,7.34,7.35
30/09/1973,7.50,7.15,6.79,6.76,6.72,6.76,6.79,6.83,6.86,6.90,6.92,6.93,6.95,6.96,6.98,6.99,7.01,7.02,7.04,7.05
31/10/1973,7.21,7.02,6.82,6.81,6.80,6.82,6.83,6.79,6.75,6.71,6.77,6.83,6.89,6.95,7.01,7.06,7.12,7.18,7.24,7.30
30/11/1973,7.28,7.04,6.79,6.78,6.77,6.77,6.77,6.74,6.72,6.69,6.74,6.80,6.85,6.90,6.96,7.01,7.06,7.11,7.17,7.22
31/12/1973,7.30,7.07,6.83,6.83,6.83,6.80,6.76,6.81,6.85,6.90,6.95,7.00,7.04,7.09,7.14,7.19,7.24,7.28,7.33,7.38
31/01/1974,7.12,7.00,6.88,6.90,6.91,6.94,6.96,6.97,6.99,7.00,7.05,7.10,7.14,7.19,7.24,7.29,7.34,7.38,7.43,7.48
28/02/1974,7.16,7.05,6.94,6.96,6.98,7.01,7.03,7.02,7.02,7.01,7.07,7.12,7.18,7.23,7.29,7.35,7.40,7.46,7.51,7.57
31/03/1974,8.36,8.09,7.81,7.73,7.65,7.62,7.59,7.53,7.47,7.41,7.46,7.51,7.55,7.60,7.65,7.70,7.75,7.79,7.84,7.89
30/04/1974,8.99,8.65,8.31,8.26,8.21,8.09,7.97,7.87,7.76,7.66,7.71,7.77,7.82,7.87,7.93,7.98,8.03,8.08,8.14,8.19
31/05/1974,8.71,8.42,8.12,8.09,8.06,7.99,7.92,7.79,7.65,7.52,7.58,7.64,7.70,7.76,7.83,7.89,7.95,8.01,8.07,8.13
30/06/1974,8.87,8.61,8.34,8.34,8.33,8.21,8.09,7.94,7.79,7.64,7.69,7.75,7.80,7.85,7.91,7.96,8.01,8.06,8.12,8.17
31/07/1974,9.00,8.79,8.57,8.52,8.46,8.36,8.26,8.14,8.01,7.89,7.93,7.98,8.02,8.07,8.11,8.15,8.20,8.24,8.29,8.33
31/08/1974,9.73,9.20,8.67,8.65,8.63,8.54,8.44,8.33,8.22,8.11,8.16,8.22,8.27,8.32,8.38,8.43,8.48,8.53,8.59,8.64
30/09/1974,8.21,8.14,8.07,8.06,8.05,8.04,8.02,7.99,7.97,7.94,8.00,8.05,8.11,8.16,8.22,8.27,8.33,8.38,8.44,8.49
31/10/1974,7.93,7.95,7.96,7.95,7.94,7.89,7.84,7.82,7.81,7.79,7.82,7.86,7.89,7.92,7.96,7.99,8.02,8.05,8.09,8.12
30/11/1974,7.66,7.58,7.49,7.53,7.56,7.58,7.60,7.61,7.63,7.64,7.67,7.70,7.74,7.77,7.80,7.83,7.86,7.90,7.93,7.96
31/12/1974,7.35,7.35,7.34,7.35,7.36,7.35,7.34,7.36,7.38,7.40,7.45,7.51,7.56,7.61,7.67,7.72,7.77,7.82,7.88,7.93
31/01/1975,6.36,6.67,6.98,7.16,7.34,7.39,7.44,7.47,7.50,7.53,7.56,7.59,7.62,7.65,7.68,7.70,7.73,7.76,7.79,7.82
28/02/1975,6.01,6.33,6.64,6.89,7.13,7.26,7.38,7.41,7.43,7.46,7.49,7.51,7.54,7.56,7.59,7.62,7.64,7.67,7.69,7.72
31/03/1975,6.36,6.73,7.09,7.30,7.50,7.64,7.77,7.85,7.93,8.01,8.03,8.06,8.08,8.10,8.13,8.15,8.17,8.19,8.22,8.24
30/04/1975,6.88,7.38,7.88,8.00,8.12,8.17,8.22,8.25,8.28,8.31,8.32,8.34,8.35,8.36,8.38,8.39,8.40,8.41,8.43,8.44
31/05/1975,6.08,6.65,7.22,7.42,7.61,7.73,7.84,7.91,7.97,8.04,8.06,8.07,8.09,8.10,8.12,8.14,8.15,8.17,8.18,8.20
30/06/1975,6.85,7.17,7.49,7.66,7.82,7.85,7.88,7.91,7.93,7.96,7.97,7.99,8.00,8.01,8.03,8.04,8.05,8.06,8.08,8.09
31/07/1975,7.38,7.66,7.94,8.01,8.07,8.11,8.14,8.16,8.18,8.20,8.21,8.22,8.23,8.24,8.26,8.27,8.28,8.29,8.30,8.31
31/08/1975,7.56,7.79,8.01,8.09,8.16,8.17,8.17,8.19,8.20,8.22,8.24,8.26,8.28,8.30,8.32,8.34,8.36,8.38,8.40,8.42
30/09/1975,7.83,8.10,8.36,8.39,8.42,8.44,8.45,8.46,8.47,8.48,8.49,8.51,8.52,8.53,8.55,8.56,8.57,8.58,8.60,8.61
31/10/1975,6.27,6.81,7.34,7.50,7.66,7.74,7.82,7.85,7.88,7.91,7.93,7.96,7.98,8.01,8.03,8.05,8.08,8.10,8.13,8.15
30/11/1975,6.68,7.13,7.58,7.74,7.90,7.99,8.08,8.10,8.12,8.14,8.16,8.18,8.20,8.22,8.24,8.26,8.28,8.30,8.32,8.34
31/12/1975,6.16,6.63,7.10,7.30,7.50,7.59,7.68,7.71,7.73,7.76,7.79,7.82,7.84,7.87,7.90,7.93,7.96,7.98,8.01,8.04
31/01/1976,5.65,5.40,6.94,7.19,7.43,7.59,7.75,7.77,7.78,7.80,7.82,7.84,7.86,7.88,7.90,7.92,7.94,7.96,7.98,8.00
29/02/1976,6.21,5.34,7.15,7.31,7.46,7.57,7.68,7.71,7.74,7.77,7.80,7.82,7.85,7.87,7.90,7.92,7.95,7.97,8.00,8.02
31/03/1976,6.11,5.31,7.02,7.21,7.39,7.48,7.57,7.60,7.63,7.66,7.68,7.71,7.73,7.76,7.78,7.80,7.83,7.85,7.88,7.90
30/04/1976,6.14,5.95,6.96,7.15,7.34,7.44,7.53,7.58,7.62,7.67,7.70,7.73,7.77,7.80,7.83,7.86,7.89,7.93,7.96,7.99
31/05/1976,6.75,6.01,7.54,7.66,7.78,7.84,7.90,7.92,7.94,7.96,7.98,8.01,8.03,8.05,8.08,8.10,8.12,8.14,8.17,8.19
30/06/1976,6.46,7.02,7.28,7.43,7.58,7.66,7.74,7.78,7.82,7.86,7.88,7.89,7.91,7.92,7.94,7.96,7.97,7.99,8.00,8.02
31/07/1976,6.12,6.74,7.05,7.26,7.47,7.59,7.70,7.75,7.81,7.86,7.88,7.90,7.91,7.93,7.95,7.97,7.99,8.00,8.02,8.04
31/08/1976,5.90,6.50,6.73,6.95,7.16,7.31,7.45,7.52,7.59,7.66,7.68,7.69,7.71,7.72,7.74,7.75,7.77,7.78,7.80,7.81
30/09/1976,5.78,6.33,6.59,6.82,7.05,7.21,7.36,7.42,7.49,7.55,7.57,7.59,7.61,7.63,7.65,7.67,7.69,7.71,7.73,7.75
31/10/1976,5.50,6.03,6.32,6.55,6.78,6.99,7.19,7.27,7.34,7.42,7.45,7.48,7.51,7.54,7.57,7.60,7.63,7.66,7.69,7.72
30/11/1976,4.95,5.42,5.69,5.87,6.05,6.23,6.40,6.60,6.81,7.01,7.05,7.10,7.14,7.18,7.23,7.27,7.31,7.35,7.40,7.44
31/12/1976,4.86,5.34,5.70,5.92,6.13,6.28,6.42,6.55,6.68,6.81,6.85,6.88,6.92,6.95,6.99,7.03,7.06,7.10,7.13,7.17
31/01/1977,5.56,6.18,6.50,6.67,6.83,7.00,7.16,7.24,7.32,7.40,7.42,7.44,7.46,7.48,7.51,7.53,7.55,7.57,7.59,7.61
28/02/1977,5.56,6.08,6.50,6.74,6.98,7.11,7.23,7.30,7.38,7.45,7.48,7.51,7.53,7.56,7.59,7.62,7.65,7.67,7.70,7.73
31/03/1977,5.40,6.01,6.42,6.68,6.94,7.08,7.21,7.28,7.35,7.42,7.45,7.48,7.51,7.54,7.57,7.60,7.63,7.66,7.69,7.72
30/04/1977,5.60,6.14,6.46,6.68,6.90,7.08,7.25,7.32,7.38,7.45,7.48,7.50,7.53,7.56,7.59,7.61,7.64,7.67,7.69,7.72
31/05/1977,5.86,6.18,6.49,6.68,6.87,7.02,7.16,7.23,7.31,7.38,7.41,7.44,7.47,7.50,7.53,7.56,7.59,7.62,7.65,7.68
30/06/1977,5.72,6.08,6.33,6.52,6.70,6.85,7.00,7.07,7.13,7.20,7.24,7.27,7.31,7.35,7.39,7.42,7.46,7.50,7.53,7.57
31/07/1977,6.22,6.50,6.71,6.87,7.03,7.16,7.28,7.33,7.37,7.42,7.45,7.47,7.50,7.52,7.55,7.58,7.60,7.63,7.65,7.68
31/08/1977,6.36,6.59,6.73,6.84,6.94,7.03,7.11,7.17,7.22,7.28,7.31,7.33,7.36,7.38,7.41,7.43,7.46,7.48,7.51,7.53
30/09/1977,6.66,6.82,6.94,7.03,7.11,7.19,7.26,7.31,7.36,7.41,7.43,7.45,7.47,7.49,7.51,7.53,7.55,7.57,7.59,7.61
31/10/1977,7.05,7.23,7.34,7.39,7.44,7.49,7.54,7.57,7.59,7.62,7.63,7.65,7.66,7.68,7.69,7.70,7.72,7.73,7.75,7.76
30/11/1977,6.92,7.11,7.22,7.29,7.36,7.41,7.45,7.48,7.52,7.55,7.57,7.59,7.61,7.63,7.65,7.67,7.69,7.71,7.73,7.75
31/12/1977,6.98,7.22,7.36,7.45,7.54,7.60,7.66,7.70,7.74,7.78,7.80,7.82,7.84,7.86,7.88,7.90,7.92,7.94,7.96,7.98
31/01/1978,7.26,7.47,7.57,7.65,7.72,7.78,7.83,7.87,7.90,7.94,7.96,7.98,8.01,8.03,8.05,8.07,8.09,8.12,8.14,8.16
28/02/1978,7.32,7.57,7.70,7.78,7.86,7.91,7.95,7.98,8.01,8.04,8.06,8.07,8.09,8.11,8.13,8.14,8.16,8.18,8.19,8.21
31/03/1978,7.48,7.70,7.83,7.90,7.97,8.01,8.05,8.08,8.12,8.15,8.17,8.18,8.20,8.21,8.23,8.25,8.26,8.28,8.29,8.31
30/04/1978,7.70,7.97,7.98,8.04,8.09,8.13,8.16,8.19,8.21,8.24,8.25,8.27,8.28,8.29,8.31,8.32,8.33,8.34,8.36,8.37
31/05/1978,7.94,8.12,8.20,8.24,8.28,8.32,8.35,8.37,8.40,8.42,8.43,8.44,8.44,8.45,8.46,8.47,8.48,8.48,8.49,8.50
30/06/1978,8.38,8.48,8.53,8.52,8.50,8.51,8.51,8.55,8.58,8.62,8.63,8.63,8.64,8.64,8.65,8.65,8.66,8.66,8.67,8.67
31/07/1978,8.33,8.47,8.47,8.47,8.46,8.46,8.46,8.49,8.53,8.56,8.56,8.57,8.57,8.57,8.58,8.58,8.58,8.58,8.59,8.59
31/08/1978,8.48,8.46,8.38,8.40,8.42,8.42,8.42,8.41,8.40,8.39,8.39,8.40,8.40,8.41,8.41,8.41,8.42,8.42,8.43,8.43
30/09/1978,8.81,8.70,8.49,8.50,8.50,8.52,8.54,8.55,8.55,8.56,8.57,8.57,8.58,8.59,8.60,8.60,8.61,8.62,8.62,8.63
31/10/1978,9.92,9.49,9.32,9.24,9.16,9.08,9.00,8.99,8.97,8.96,8.95,8.95,8.94,8.94,8.93,8.92,8.92,8.91,8.91,8.90
30/11/1978,10.09,9.55,9.16,9.05,8.94,8.92,8.90,8.89,8.87,8.86,8.85,8.85,8.84,8.84,8.83,8.82,8.82,8.81,8.81,8.80
31/12/1978,10.57,9.98,9.59,9.46,9.32,9.28,9.23,9.20,9.18,9.15,9.13,9.12,9.10,9.09,9.07,9.05,9.04,9.02,9.01,8.99
31/01/1979,10.13,9.64,9.16,9.06,8.95,8.94,8.93,8.94,8.94,8.95,8.95,8.94,8.94,8.93,8.93,8.92,8.92,8.91,8.91,8.90
28/02/1979,10.33,9.89,9.45,9.37,9.29,9.26,9.22,9.20,9.19,9.17,9.17,9.16,9.16,9.15,9.15,9.14,9.14,9.13,9.13,9.12
31/03/1979,10.17,9.72,9.34,9.27,9.19,9.17,9.14,9.13,9.12,9.11,9.11,9.10,9.10,9.09,9.09,9.09,9.08,9.08,9.07,9.07
30/04/1979,10.29,9.91,9.53,9.44,9.35,9.34,9.33,9.34,9.34,9.35,9.34,9.33,9.32,9.31,9.31,9.30,9.29,9.28,9.27,9.26
31/05/1979,9.91,9.56,9.20,9.12,9.04,9.03,9.02,9.03,9.05,9.06,9.06,9.06,9.07,9.07,9.07,9.07,9.07,9.08,9.08,9.08
30/06/1979,9.40,8.97,8.78,8.76,8.74,8.74,8.74,8.76,8.79,8.81,8.81,8.81,8.81,8.81,8.82,8.82,8.82,8.82,8.82,8.82
31/07/1979,9.75,9.31,9.05,9.02,8.99,9.01,9.02,9.02,9.01,9.01,9.01,9.00,9.00,9.00,9.00,8.99,8.99,8.99,8.98,8.98
31/08/1979,10.40,9.84,9.54,9.45,9.36,9.33,9.30,9.28,9.26,9.24,9.23,9.21,9.20,9.18,9.17,9.16,9.14,9.13,9.11,9.10
30/09/1979,10.80,10.10,9.76,9.62,9.48,9.47,9.46,9.45,9.45,9.44,9.43,9.41,9.40,9.39,9.38,9.36,9.35,9.34,9.32,9.31
31/10/1979,12.89,12.06,11.63,11.42,11.20,11.08,10.95,10.87,10.80,10.72,10.69,10.66,10.62,10.59,10.56,10.53,10.50,10.46,10.43,10.40
30/11/1979,11.88,11.33,10.68,10.56,10.44,10.45,10.45,10.43,10.40,10.38,10.35,10.32,10.30,10.27,10.24,10.21,10.18,10.16,10.13,10.10
31/12/1979,11.70,11.23,10.62,10.50,10.38,10.37,10.36,10.35,10.34,10.33,10.31,10.30,10.28,10.26,10.25,10.23,10.21,10.19,10.18,10.16
31/01/1980,12.40,11.75,11.19,11.15,11.11,11.12,11.12,11.12,11.13,11.13,11.13,11.14,11.14,11.14,11.15,11.15,11.15,11.15,11.16,11.16
29/02/1980,15.45,14.73,14.00,13.74,13.48,13.29,13.10,12.97,12.85,12.72,12.66,12.60,12.54,12.48,12.42,12.36,12.30,12.24,12.18,12.12
31/03/1980,15.80,14.63,13.69,13.50,13.31,13.04,12.76,12.72,12.68,12.64,12.62,12.60,12.58,12.56,12.54,12.52,12.50,12.48,12.46,12.44
30/04/1980,11.12,10.81,10.67,10.75,10.82,10.79,10.75,10.75,10.76,10.76,10.78,10.79,10.81,10.82,10.84,10.86,10.87,10.89,10.90,10.92
31/05/1980,8.83,9.25,9.28,9.58,9.87,9.98,10.09,10.14,10.20,10.25,10.27,10.29,10.31,10.33,10.36,10.38,10.40,10.42,10.44,10.46
30/06/1980,8.49,8.97,9.19,9.34,9.48,9.61,9.73,9.85,9.97,10.09,10.09,10.09,10.09,10.09,10.09,10.08,10.08,10.08,10.08,10.08
31/07/1980,9.36,9.72,9.95,10.02,10.09,10.24,10.38,10.51,10.63,10.76,10.76,10.77,10.77,10.78,10.78,10.78,10.79,10.79,10.80,10.80
31/08/1980,11.15,11.36,11.48,11.57,11.66,11.65,11.63,11.60,11.58,11.55,11.54,11.52,11.51,11.50,11.49,11.47,11.46,11.45,11.43,11.42
30/09/1980,12.29,12.13,12.06,11.97,11.88,11.87,11.86,11.86,11.86,11.86,11.86,11.86,11.85,11.85,11.85,11.85,11.85,11.84,11.84,11.84
31/10/1980,13.78,13.08,12.97,12.86,12.74,12.65,12.56,12.53,12.49,12.46,12.45,12.44,12.44,12.43,12.42,12.41,12.40,12.40,12.39,12.38
30/11/1980,15.13,14.13,13.69,13.42,13.14,13.00,12.86,12.81,12.77,12.72,12.69,12.65,12.62,12.58,12.55,12.52,12.48,12.45,12.41,12.38
31/12/1980,13.86,13.06,12.85,12.72,12.59,12.54,12.49,12.47,12.45,12.43,12.40,12.36,12.33,12.29,12.26,12.23,12.19,12.16,12.12,12.09
31/01/1981,14.00,13.26,13.05,12.93,12.80,12.77,12.73,12.71,12.70,12.68,12.66,12.64,12.61,12.59,12.57,12.55,12.53,12.50,12.48,12.46
28/02/1981,14.59,14.08,13.95,13.86,13.76,13.67,13.58,13.53,13.48,13.43,13.41,13.38,13.36,13.33,13.31,13.28,13.26,13.23,13.21,13.18
31/03/1981,13.05,13.17,13.27,13.33,13.39,13.35,13.30,13.24,13.19,13.13,13.11,13.09,13.08,13.06,13.04,13.02,13.00,12.99,12.97,12.95
30/04/1981,15.33,14.84,14.68,14.57,14.45,14.36,14.26,14.21,14.16,14.11,14.09,14.06,14.04,14.01,13.99,13.97,13.94,13.92,13.89,13.87
31/05/1981,14.81,14.40,14.31,14.15,13.99,13.82,13.65,13.60,13.55,13.50,13.48,13.46,13.44,13.42,13.41,13.39,13.37,13.35,13.33,13.31
30/06/1981,14.87,14.66,14.57,14.41,14.25,14.20,14.15,14.05,13.96,13.86,13.83,13.81,13.78,13.75,13.73,13.70,13.67,13.64,13.62,13.59
31/07/1981,16.12,15.84,15.63,15.44,15.24,15.06,14.87,14.80,14.74,14.67,14.63,14.60,14.56,14.53,14.49,14.45,14.42,14.38,14.35,14.31
31/08/1981,16.97,16.73,16.33,16.22,16.11,15.91,15.71,15.61,15.51,15.41,15.38,15.36,15.33,15.31,15.28,15.25,15.23,15.20,15.18,15.15
30/09/1981,16.64,16.69,16.45,16.36,16.27,16.16,16.05,15.98,15.91,15.84,15.83,15.83,15.82,15.82,15.81,15.80,15.80,15.79,15.79,15.78
31/10/1981,14.31,14.59,14.65,14.72,14.78,14.76,14.73,14.70,14.66,14.63,14.64,14.65,14.67,14.68,14.69,14.70,14.71,14.73,14.74,14.75
30/11/1981,11.82,12.36,12.81,12.80,12.79,12.83,12.86,12.95,13.04,13.13,13.13,13.13,13.13,13.13,13.13,13.13,13.13,13.13,13.13,13.13
31/12/1981,13.35,13.63,13.99,13.98,13.97,13.97,13.97,13.97,13.98,13.98,13.99,13.99,14.00,14.00,14.01,14.02,14.02,14.03,14.03,14.04
31/01/1982,14.04,14.24,14.26,14.25,14.24,14.24,14.23,14.20,14.17,14.14,14.15,14.15,14.16,14.17,14.18,14.18,14.19,14.20,14.20,14.21
28/02/1982,14.27,14.44,14.44,14.28,14.12,14.10,14.08,14.06,14.05,14.03,14.04,14.04,14.05,14.05,14.06,14.07,14.07,14.08,14.08,14.09
31/03/1982,14.30,14.52,14.52,14.46,14.39,14.38,14.37,14.31,14.24,14.18,14.15,14.12,14.09,14.06,14.04,14.01,13.98,13.95,13.92,13.89
30/04/1982,13.67,13.99,14.00,13.95,13.90,13.89,13.88,13.88,13.87,13.87,13.84,13.81,13.78,13.75,13.72,13.69,13.66,13.63,13.60,13.57
31/05/1982,12.93,13.62,13.73,13.75,13.76,13.81,13.86,13.81,13.76,13.71,13.70,13.69,13.69,13.68,13.67,13.66,13.65,13.65,13.64,13.63
30/06/1982,14.34,14.66,14.78,14.72,14.65,14.66,14.66,14.59,14.51,14.44,14.41,14.39,14.36,14.34,14.31,14.28,14.26,14.23,14.21,14.18
31/07/1982,12.56,13.17,13.53,13.63,13.73,13.74,13.75,13.73,13.70,13.68,13.68,13.67,13.67,13.66,13.66,13.65,13.65,13.64,13.64,13.63
31/08/1982,11.13,11.99,12.36,12.51,12.65,12.77,12.89,12.86,12.84,12.81,12.79,12.77,12.74,12.72,12.70,12.68,12.66,12.63,12.61,12.59
30/09/1982,10.26,11.23,11.52,11.61,11.69,11.71,11.72,11.72,11.73,11.73,11.72,11.71,11.71,11.70,11.69,11.68,11.67,11.67,11.66,11.65
31/10/1982,9.21,9.85,10.35,10.47,10.58,10.63,10.68,10.69,10.70,10.71,10.72,10.73,10.73,10.74,10.75,10.76,10.77,10.77,10.78,10.79
30/11/1982,9.38,9.96,10.08,10.23,10.37,10.52,10.67,10.71,10.75,10.79,10.79,10.79,10.79,10.79,10.79,10.79,10.79,10.79,10.79,10.79
31/12/1982,8.68,9.48,9.74,9.92,10.09,10.21,10.32,10.33,10.35,10.36,10.39,10.41,10.44,10.46,10.49,10.52,10.54,10.57,10.59,10.62
31/01/1983,8.91,9.58,9.93,10.12,10.31,10.50,10.69,10.73,10.76,10.80,10.83,10.87,10.90,10.94,10.97,11.00,11.04,11.07,11.11,11.14
28/02/1983,8.61,9.31,9.55,9.69,9.83,9.92,10.01,10.10,10.18,10.27,10.31,10.34,10.38,10.41,10.45,10.48,10.52,10.55,10.59,10.62
31/03/1983,9.34,9.87,10.04,10.16,10.27,10.40,10.52,10.55,10.59,10.62,10.64,10.66,10.69,10.71,10.73,10.75,10.77,10.80,10.82,10.84
30/04/1983,8.75,9.35,9.58,9.73,9.88,10.02,10.15,10.19,10.23,10.27,10.30,10.32,10.35,10.37,10.40,10.42,10.45,10.47,10.50,10.52
31/05/1983,9.48,10.02,10.21,10.38,10.55,10.66,10.77,10.78,10.80,10.81,10.84,10.87,10.90,10.93,10.97,11.00,11.03,11.06,11.09,11.12
30/06/1983,9.70,10.23,10.41,10.59,10.76,10.84,10.92,10.93,10.95,10.96,10.98,11.01,11.03,11.06,11.08,11.10,11.13,11.15,11.18,11.20
31/07/1983,10.48,11.03,11.22,11.41,11.59,11.67,11.74,11.75,11.75,11.76,11.79,11.81,11.84,11.86,11.89,11.91,11.94,11.96,11.99,12.01
31/08/1983,10.59,11.18,11.45,11.62,11.79,11.87,11.94,11.95,11.97,11.98,12.00,12.01,12.03,12.05,12.07,12.08,12.10,12.12,12.13,12.15
30/09/1983,9.89,10.53,10.79,11.00,11.20,11.30,11.39,11.41,11.42,11.44,11.46,11.48,11.50,11.52,11.54,11.56,11.58,11.60,11.62,11.64
31/10/1983,9.82,10.61,10.98,11.19,11.39,11.51,11.62,11.66,11.70,11.74,11.76,11.78,11.80,11.82,11.84,11.85,11.87,11.89,11.91,11.93
30/11/1983,9.98,10.67,10.96,11.16,11.36,11.47,11.57,11.59,11.61,11.63,11.65,11.67,11.69,11.71,11.73,11.75,11.77,11.79,11.81,11.83
31/12/1983,10.08,10.85,11.13,11.35,11.57,11.67,11.77,11.79,11.80,11.82,11.84,11.85,11.87,11.88,11.90,11.92,11.93,11.95,11.96,11.98
31/01/1984,9.85,10.58,10.89,11.12,11.34,11.45,11.56,11.60,11.63,11.67,11.69,11.70,11.72,11.73,11.75,11.76,11.78,11.79,11.81,11.82
29/02/1984,10.21,10.99,11.22,11.48,11.74,11.86,11.97,11.99,12.02,12.04,12.06,12.07,12.09,12.11,12.13,12.14,12.16,12.18,12.19,12.21
31/03/1984,10.80,11.60,11.86,12.07,12.28,12.37,12.45,12.48,12.50,12.53,12.53,12.53,12.52,12.52,12.52,12.52,12.52,12.51,12.51,12.51
30/04/1984,11.11,11.89,12.20,12.39,12.57,12.66,12.75,12.77,12.80,12.82,12.83,12.83,12.84,12.84,12.85,12.86,12.86,12.87,12.87,12.88
31/05/1984,12.15,13.00,13.33,13.55,13.76,13.82,13.87,13.88,13.90,13.91,13.90,13.89,13.89,13.88,13.87,13.86,13.85,13.85,13.84,13.83
30/06/1984,12.30,13.17,13.48,13.60,13.72,13.77,13.82,13.83,13.83,13.84,13.83,13.83,13.82,13.81,13.81,13.80,13.79,13.78,13.78,13.77
31/07/1984,11.86,12.57,12.70,12.78,12.85,12.88,12.91,12.91,12.91,12.91,12.91,12.92,12.92,12.92,12.93,12.93,12.93,12.93,12.94,12.94
31/08/1984,11.96,12.54,12.61,12.69,12.77,12.81,12.85,12.83,12.81,12.79,12.78,12.77,12.76,12.75,12.75,12.74,12.73,12.72,12.71,12.70
30/09/1984,11.43,12.07,12.28,12.38,12.48,12.51,12.54,12.52,12.49,12.47,12.46,12.45,12.44,12.43,12.42,12.41,12.40,12.39,12.38,12.37
31/10/1984,10.26,11.09,11.36,11.48,11.59,11.65,11.70,11.73,11.76,11.79,11.78,11.77,11.77,11.76,11.75,11.74,11.73,11.73,11.72,11.71
30/11/1984,9.71,10.50,10.86,11.06,11.25,11.41,11.56,11.57,11.57,11.58,11.59,11.61,11.62,11.63,11.65,11.66,11.67,11.68,11.70,11.71
31/12/1984,9.22,10.02,10.52,10.80,11.08,11.30,11.52,11.53,11.54,11.55,11.57,11.58,11.60,11.61,11.63,11.64,11.66,11.67,11.69,11.70
31/01/1985,9.09,9.90,10.36,10.57,10.77,10.92,11.07,11.10,11.14,11.17,11.18,11.20,11.21,11.22,11.24,11.25,11.26,11.27,11.29,11.30
28/02/1985,9.72,10.66,11.03,11.29,11.55,11.71,11.87,11.88,11.90,11.91,11.93,11.95,11.98,12.00,12.02,12.04,12.06,12.09,12.11,12.13
31/03/1985,9.49,10.43,10.79,11.04,11.29,11.44,11.59,11.61,11.63,11.65,11.67,11.70,11.72,11.75,11.77,11.79,11.82,11.84,11.87,11.89
30/04/1985,8.99,9.91,10.39,10.65,10.91,11.11,11.31,11.34,11.38,11.41,11.44,11.47,11.50,11.53,11.56,11.58,11.61,11.64,11.67,11.70
31/05/1985,7.98,8.92,9.27,9.48,9.68,9.92,10.15,10.19,10.24,10.28,10.32,10.36,10.41,10.45,10.49,10.53,10.57,10.62,10.66,10.70
30/06/1985,7.71,8.67,9.08,9.37,9.65,9.87,10.08,10.14,10.19,10.25,10.29,10.32,10.36,10.39,10.43,10.47,10.50,10.54,10.57,10.61
31/07/1985,8.12,9.01,9.47,9.73,9.98,10.20,10.41,10.46,10.52,10.57,10.60,10.63,10.67,10.70,10.73,10.76,10.79,10.83,10.86,10.89
31/08/1985,8.03,8.96,9.33,9.54,9.74,9.96,10.17,10.21,10.24,10.28,10.32,10.36,10.40,10.44,10.48,10.51,10.55,10.59,10.63,10.67
30/09/1985,7.99,8.88,9.27,9.50,9.73,9.94,10.15,10.20,10.26,10.31,10.35,10.40,10.44,10.49,10.53,10.57,10.62,10.66,10.71,10.75
31/10/1985,7.92,8.70,9.06,9.27,9.47,9.65,9.82,9.88,9.95,10.01,10.05,10.10,10.14,10.19,10.23,10.27,10.32,10.36,10.41,10.45
30/11/1985,7.85,8.46,8.70,8.89,9.07,9.27,9.47,9.51,9.55,9.59,9.64,9.69,9.73,9.78,9.83,9.88,9.93,9.97,10.02,10.07
31/12/1985,7.60,7.98,8.22,8.36,8.49,8.68,8.87,8.91,8.96,9.00,9.05,9.10,9.15,9.20,9.25,9.30,9.35,9.40,9.45,9.50
31/01/1986,7.57,7.99,8.25,8.39,8.53,8.71,8.88,8.95,9.01,9.08,9.12,9.16,9.20,9.24,9.28,9.32,9.36,9.40,9.44,9.48
28/02/1986,7.43,7.71,7.79,7.85,7.91,7.98,8.05,8.08,8.10,8.13,8.15,8.17,8.19,8.21,8.24,8.26,8.28,8.30,8.32,8.34
31/03/1986,6.72,6.92,7.02,7.11,7.19,7.20,7.21,7.27,7.33,7.39,7.40,7.40,7.41,7.42,7.43,7.43,7.44,7.45,7.45,7.46
30/04/1986,6.54,6.83,7.02,7.10,7.17,7.22,7.26,7.30,7.34,7.38,7.40,7.41,7.43,7.45,7.47,7.48,7.50,7.52,7.53,7.55
31/05/1986,6.88,7.36,7.58,7.70,7.82,7.93,8.03,8.04,8.04,8.05,8.04,8.02,8.01,7.99,7.98,7.96,7.95,7.93,7.92,7.90
30/06/1986,6.41,6.81,7.00,7.12,7.23,7.26,7.29,7.31,7.33,7.35,7.35,7.34,7.34,7.33,7.33,7.32,7.32,7.31,7.31,7.30
31/07/1986,6.20,6.57,6.81,6.92,7.02,7.12,7.22,7.26,7.30,7.34,7.35,7.36,7.36,7.37,7.38,7.39,7.40,7.40,7.41,7.42
31/08/1986,5.52,5.94,6.13,6.27,6.40,6.58,6.75,6.82,6.88,6.95,6.97,6.98,7.00,7.02,7.04,7.05,7.07,7.09,7.10,7.12
30/09/1986,5.82,6.38,6.68,6.83,6.98,7.15,7.31,7.36,7.40,7.45,7.46,7.47,7.48,7.49,7.50,7.51,7.52,7.53,7.54,7.55
31/10/1986,5.73,6.26,6.51,6.64,6.76,6.93,7.10,7.18,7.26,7.34,7.36,7.38,7.40,7.42,7.44,7.46,7.48,7.50,7.52,7.54
30/11/1986,5.76,6.21,6.38,6.52,6.65,6.83,7.00,7.05,7.10,7.15,7.17,7.18,7.20,7.21,7.23,7.24,7.26,7.27,7.29,7.30
31/12/1986,5.95,6.35,6.56,6.69,6.81,6.95,7.09,7.14,7.18,7.23,7.25,7.26,7.28,7.29,7.31,7.33,7.34,7.36,7.37,7.39
31/01/1987,5.93,6.33,6.51,6.61,6.71,6.85,6.99,7.05,7.12,7.18,7.21,7.24,7.27,7.30,7.33,7.36,7.39,7.42,7.45,7.48
28/02/1987,5.90,6.35,6.51,6.61,6.71,6.86,7.00,7.06,7.13,7.19,7.22,7.25,7.28,7.31,7.34,7.36,7.39,7.42,7.45,7.48
31/03/1987,6.15,6.54,6.79,6.91,7.02,7.16,7.29,7.36,7.44,7.51,7.54,7.57,7.60,7.63,7.66,7.69,7.72,7.75,7.78,7.81
30/04/1987,6.62,7.38,7.63,7.73,7.82,7.95,8.07,8.12,8.16,8.21,8.23,8.26,8.28,8.31,8.33,8.35,8.38,8.40,8.43,8.45
31/05/1987,6.88,7.69,7.94,8.05,8.15,8.25,8.35,8.40,8.44,8.49,8.51,8.52,8.54,8.55,8.57,8.59,8.60,8.62,8.63,8.65
30/06/1987,6.77,7.48,7.76,7.89,8.02,8.13,8.24,8.29,8.33,8.38,8.39,8.41,8.42,8.43,8.45,8.46,8.47,8.48,8.50,8.51
31/07/1987,6.89,7.63,7.95,8.08,8.21,8.35,8.48,8.54,8.60,8.66,8.68,8.71,8.73,8.75,8.78,8.80,8.82,8.84,8.87,8.89
31/08/1987,7.23,7.97,8.27,8.40,8.52,8.68,8.83,8.89,8.94,9.00,9.02,9.03,9.05,9.07,9.09,9.10,9.12,9.14,9.15,9.17
30/09/1987,7.92,8.60,8.93,9.07,9.21,9.36,9.50,9.54,9.59,9.63,9.65,9.66,9.68,9.69,9.71,9.73,9.74,9.76,9.77,9.79
31/10/1987,6.75,7.58,8.00,8.19,8.37,8.53,8.69,8.75,8.82,8.88,8.90,8.91,8.93,8.94,8.96,8.97,8.99,9.00,9.02,9.03
30/11/1987,7.00,7.73,8.05,8.24,8.43,8.63,8.82,8.88,8.93,8.99,9.00,9.01,9.02,9.03,9.05,9.06,9.07,9.08,9.09,9.10
31/12/1987,7.10,7.77,8.04,8.19,8.33,8.50,8.67,8.72,8.78,8.83,8.84,8.85,8.87,8.88,8.89,8.90,8.91,8.93,8.94,8.95
31/01/1988,6.66,7.22,7.48,7.62,7.76,7.91,8.06,8.13,8.19,8.26,8.28,8.29,8.31,8.32,8.34,8.36,8.37,8.39,8.40,8.42
29/02/1988,6.63,7.13,7.33,7.49,7.64,7.80,7.95,8.02,8.09,8.16,8.18,8.21,8.23,8.25,8.28,8.30,8.32,8.34,8.37,8.39
31/03/1988,6.76,7.41,7.66,7.85,8.04,8.22,8.40,8.46,8.51,8.57,8.60,8.62,8.65,8.67,8.70,8.72,8.75,8.77,8.80,8.82
30/04/1988,7.14,7.73,7.98,8.16,8.33,8.49,8.65,8.72,8.80,8.87,8.89,8.92,8.94,8.97,8.99,9.01,9.04,9.06,9.09,9.11
31/05/1988,7.66,8.21,8.44,8.59,8.73,8.88,9.03,9.09,9.14,9.20,9.21,9.22,9.23,9.24,9.25,9.26,9.27,9.28,9.29,9.30
30/06/1988,7.50,8.02,8.18,8.30,8.41,8.56,8.70,8.74,8.78,8.82,8.83,8.83,8.84,8.84,8.85,8.85,8.86,8.86,8.87,8.87
31/07/1988,7.90,8.39,8.57,8.66,8.75,8.87,8.98,9.03,9.07,9.12,9.13,9.14,9.15,9.16,9.18,9.19,9.20,9.21,9.22,9.23
31/08/1988,8.28,8.71,8.83,8.89,8.95,9.04,9.13,9.17,9.21,9.25,9.26,9.26,9.27,9.27,9.28,9.29,9.29,9.30,9.30,9.31
30/09/1988,8.13,8.43,8.52,8.57,8.61,8.70,8.78,8.81,8.84,8.87,8.88,8.89,8.90,8.91,8.93,8.94,8.95,8.96,8.97,8.98
31/10/1988,8.06,8.25,8.32,8.35,8.37,8.45,8.52,8.56,8.61,8.65,8.66,8.67,8.68,8.69,8.70,8.70,8.71,8.72,8.73,8.74
30/11/1988,8.62,8.84,8.87,8.89,8.91,8.97,9.02,9.03,9.05,9.06,9.06,9.06,9.06,9.06,9.07,9.07,9.07,9.07,9.07,9.07
31/12/1988,9.02,9.14,9.18,9.16,9.14,9.16,9.18,9.17,9.15,9.14,9.13,9.11,9.10,9.08,9.07,9.06,9.04,9.03,9.01,9.00
31/01/1989,9.04,9.12,9.13,9.11,9.08,9.06,9.03,9.02,9.02,9.01,8.99,8.98,8.96,8.94,8.93,8.91,8.89,8.87,8.86,8.84
28/02/1989,9.40,9.55,9.43,9.43,9.42,9.41,9.39,9.37,9.34,9.32,9.30,9.28,9.27,9.25,9.23,9.21,9.19,9.18,9.16,9.14
31/03/1989,9.64,9.73,9.66,9.60,9.53,9.47,9.40,9.37,9.33,9.30,9.28,9.26,9.24,9.22,9.21,9.19,9.17,9.15,9.13,9.11
30/04/1989,9.12,9.22,9.15,9.11,9.06,9.05,9.04,9.03,9.03,9.02,9.01,9.00,8.99,8.98,8.97,8.95,8.94,8.93,8.92,8.91
31/05/1989,8.86,8.82,8.78,8.72,8.65,8.65,8.64,8.63,8.61,8.60,8.60,8.60,8.60,8.60,8.60,8.60,8.60,8.60,8.60,8.60
30/06/1989,8.12,8.08,8.05,8.04,8.03,8.07,8.10,8.10,8.10,8.10,8.10,8.09,8.09,8.08,8.08,8.07,8.07,8.06,8.06,8.05
31/07/1989,7.65,7.53,7.58,7.57,7.56,7.62,7.68,7.73,7.77,7.82,7.83,7.84,7.85,7.86,7.87,7.88,7.89,7.90,7.91,7.92
31/08/1989,8.28,8.42,8.37,8.32,8.27,8.29,8.30,8.29,8.27,8.26,8.26,8.25,8.25,8.24,8.24,8.23,8.23,8.22,8.22,8.21
30/09/1989,8.48,8.46,8.46,8.41,8.36,8.38,8.40,8.37,8.34,8.31,8.30,8.30,8.29,8.28,8.28,8.27,8.26,8.25,8.25,8.24
31/10/1989,7.88,7.85,7.91,7.89,7.86,7.89,7.92,7.92,7.92,7.92,7.92,7.92,7.92,7.92,7.92,7.92,7.92,7.92,7.92,7.92
30/11/1989,7.72,7.75,7.75,7.75,7.74,7.79,7.83,7.83,7.84,7.84,7.85,7.85,7.86,7.86,7.87,7.88,7.88,7.89,7.89,7.90
31/12/1989,7.76,7.87,7.87,7.87,7.86,7.92,7.97,7.96,7.94,7.93,7.94,7.94,7.95,7.95,7.96,7.96,7.97,7.97,7.98,7.98
31/01/1990,8.08,8.28,8.36,8.36,8.35,8.37,8.39,8.40,8.42,8.43,8.43,8.44,8.44,8.44,8.45,8.45,8.45,8.45,8.46,8.46
28/02/1990,8.12,8.43,8.45,8.45,8.44,8.49,8.54,8.53,8.52,8.51,8.51,8.52,8.52,8.52,8.53,8.53,8.53,8.53,8.54,8.54
31/03/1990,8.35,8.64,8.69,8.67,8.65,8.68,8.70,8.68,8.67,8.65,8.65,8.65,8.64,8.64,8.64,8.64,8.64,8.63,8.63,8.63
30/04/1990,8.58,8.96,9.05,9.05,9.04,9.05,9.06,9.05,9.05,9.04,9.04,9.03,9.03,9.02,9.02,9.02,9.01,9.01,9.00,9.00
31/05/1990,8.22,8.50,8.53,8.55,8.56,8.60,8.64,8.63,8.61,8.60,8.60,8.60,8.59,8.59,8.59,8.59,8.59,8.58,8.58,8.58
30/06/1990,8.05,8.24,8.32,8.34,8.35,8.41,8.46,8.45,8.44,8.43,8.43,8.43,8.42,8.42,8.42,8.42,8.42,8.41,8.41,8.41
31/07/1990,7.72,7.91,8.04,8.09,8.13,8.21,8.28,8.31,8.33,8.36,8.37,8.37,8.38,8.38,8.39,8.40,8.40,8.41,8.41,8.42
31/08/1990,7.76,8.07,8.26,8.38,8.50,8.64,8.77,8.80,8.83,8.86,8.87,8.89,8.90,8.91,8.93,8.94,8.95,8.96,8.98,8.99
30/09/1990,7.69,8.02,8.19,8.33,8.47,8.60,8.73,8.76,8.79,8.82,8.83,8.85,8.86,8.88,8.89,8.90,8.92,8.93,8.95,8.96
31/10/1990,7.43,7.77,7.97,8.11,8.24,8.37,8.50,8.55,8.60,8.65,8.66,8.68,8.69,8.70,8.72,8.73,8.74,8.75,8.77,8.78
30/11/1990,7.31,7.53,7.67,7.79,7.91,8.05,8.18,8.21,8.23,8.26,8.27,8.29,8.30,8.32,8.33,8.34,8.36,8.37,8.39,8.40
31/12/1990,6.82,7.15,7.40,7.54,7.68,7.84,8.00,8.03,8.05,8.08,8.10,8.12,8.13,8.15,8.17,8.19,8.21,8.22,8.24,8.26
31/01/1991,6.51,7.05,7.30,7.46,7.62,7.76,7.89,7.94,7.98,8.03,8.05,8.07,8.08,8.10,8.12,8.14,8.16,8.17,8.19,8.21
28/02/1991,6.41,7.04,7.26,7.46,7.66,7.78,7.89,7.93,7.98,8.02,8.04,8.05,8.07,8.09,8.11,8.12,8.14,8.16,8.17,8.19
31/03/1991,6.28,7.02,7.30,7.52,7.73,7.85,7.96,7.99,8.02,8.05,8.07,8.09,8.11,8.13,8.15,8.16,8.18,8.20,8.22,8.24
30/04/1991,6.06,6.80,7.15,7.39,7.63,7.76,7.88,7.93,7.97,8.02,8.04,8.06,8.07,8.09,8.11,8.13,8.15,8.16,8.18,8.20
31/05/1991,6.16,6.68,7.10,7.40,7.69,7.81,7.92,7.97,8.01,8.06,8.08,8.10,8.12,8.14,8.16,8.18,8.20,8.22,8.24,8.26
30/06/1991,6.32,6.90,7.33,7.62,7.90,8.02,8.14,8.17,8.21,8.24,8.26,8.28,8.29,8.31,8.33,8.35,8.37,8.38,8.40,8.42
31/07/1991,6.19,6.81,7.21,7.49,7.77,7.90,8.03,8.09,8.14,8.20,8.22,8.23,8.25,8.26,8.28,8.30,8.31,8.33,8.34,8.36
31/08/1991,5.72,6.36,6.68,7.01,7.34,7.51,7.67,7.72,7.77,7.82,7.84,7.87,7.89,7.92,7.94,7.96,7.99,8.01,8.04,8.06
30/09/1991,5.42,5.99,6.28,6.60,6.92,7.11,7.29,7.35,7.41,7.47,7.51,7.54,7.58,7.61,7.65,7.68,7.72,7.75,7.79,7.82
31/10/1991,5.10,5.70,6.06,6.40,6.74,6.95,7.15,7.26,7.36,7.47,7.51,7.56,7.60,7.65,7.69,7.73,7.78,7.82,7.87,7.91
30/11/1991,4.69,5.38,5.76,6.12,6.48,6.74,6.99,7.12,7.25,7.38,7.44,7.49,7.55,7.60,7.66,7.72,7.77,7.83,7.88,7.94
31/12/1991,4.12,4.77,5.11,5.52,5.93,6.16,6.38,6.49,6.60,6.71,6.78,6.85,6.92,6.99,7.06,7.13,7.20,7.27,7.34,7.41
31/01/1992,4.23,5.11,5.65,6.05,6.44,6.68,6.92,7.05,7.18,7.31,7.36,7.40,7.45,7.49,7.54,7.59,7.63,7.68,7.72,7.77
29/02/1992,4.35,5.27,5.75,6.17,6.58,6.77,6.95,7.06,7.16,7.27,7.32,7.38,7.43,7.48,7.54,7.59,7.64,7.69,7.75,7.80
31/03/1992,4.54,5.60,6.17,6.56,6.94,7.10,7.25,7.35,7.44,7.54,7.58,7.62,7.67,7.71,7.75,7.79,7.83,7.88,7.92,7.96
30/04/1992,4.40,5.46,6.05,6.48,6.91,7.09,7.26,7.38,7.49,7.61,7.66,7.70,7.75,7.79,7.84,7.88,7.93,7.97,8.02,8.06
31/05/1992,4.24,5.19,5.75,6.18,6.61,6.81,7.00,7.11,7.22,7.33,7.38,7.43,7.48,7.53,7.59,7.64,7.69,7.74,7.79,7.84
30/06/1992,4.05,4.83,5.39,5.84,6.29,6.53,6.76,6.89,7.01,7.14,7.21,7.27,7.34,7.40,7.47,7.53,7.60,7.66,7.73,7.79
31/07/1992,3.62,4.42,4.97,5.41,5.84,6.06,6.27,6.42,6.57,6.72,6.79,6.87,6.94,7.02,7.09,7.16,7.24,7.31,7.39,7.46
31/08/1992,3.47,4.15,4.69,5.15,5.60,5.89,6.17,6.32,6.47,6.62,6.70,6.78,6.86,6.94,7.02,7.10,7.18,7.26,7.34,7.42
30/09/1992,3.06,3.80,4.34,4.84,5.33,5.64,5.94,6.08,6.23,6.37,6.47,6.57,6.67,6.77,6.88,6.98,7.08,7.18,7.28,7.38
31/10/1992,3.54,4.40,4.98,5.44,5.90,6.13,6.36,6.51,6.65,6.80,6.88,6.97,7.05,7.13,7.22,7.30,7.38,7.46,7.55,7.63
30/11/1992,3.83,4.79,5.36,5.80,6.23,6.42,6.61,6.72,6.84,6.95,7.01,7.08,7.14,7.21,7.27,7.33,7.40,7.46,7.53,7.59
31/12/1992,3.61,4.56,5.12,5.58,6.04,6.24,6.43,6.52,6.61,6.70,6.77,6.84,6.91,6.98,7.05,7.12,7.19,7.26,7.33,7.40
31/01/1993,3.39,4.20,4.72,5.15,5.57,5.79,6.00,6.13,6.26,6.39,6.47,6.55,6.64,6.72,6.80,6.88,6.96,7.05,7.13,7.21
28/02/1993,3.32,3.92,4.37,4.79,5.21,5.44,5.67,5.79,5.91,6.03,6.12,6.20,6.29,6.38,6.47,6.55,6.64,6.73,6.81,6.90
31/03/1993,3.32,3.96,4.42,4.83,5.24,5.48,5.72,5.82,5.93,6.03,6.12,6.21,6.30,6.39,6.48,6.57,6.66,6.75,6.84,6.93
30/04/1993,3.26,3.83,4.30,4.72,5.14,5.39,5.63,5.77,5.91,6.05,6.14,6.23,6.32,6.41,6.50,6.59,6.68,6.77,6.86,6.95
31/05/1993,3.62,4.24,4.63,5.00,5.37,5.59,5.80,5.92,6.04,6.16,6.24,6.32,6.41,6.49,6.57,6.65,6.73,6.82,6.90,6.98
30/06/1993,3.45,4.03,4.39,4.72,5.05,5.26,5.46,5.57,5.69,5.80,5.89,5.98,6.06,6.15,6.24,6.33,6.42,6.50,6.59,6.68
31/07/1993,3.53,4.13,4.50,4.83,5.16,5.33,5.50,5.61,5.72,5.83,5.90,5.98,6.05,6.13,6.20,6.27,6.35,6.42,6.50,6.57
31/08/1993,3.38,3.88,4.20,4.50,4.80,4.96,5.11,5.22,5.34,5.45,5.51,5.58,5.64,5.71,5.77,5.83,5.90,5.96,6.03,6.09
30/09/1993,3.39,3.89,4.24,4.52,4.79,4.95,5.11,5.21,5.30,5.40,5.46,5.53,5.59,5.66,5.72,5.78,5.85,5.91,5.98,6.04
31/10/1993,3.47,3.99,4.30,4.57,4.83,5.01,5.19,5.27,5.35,5.43,5.50,5.57,5.64,5.71,5.78,5.84,5.91,5.98,6.05,6.12
30/11/1993,3.65,4.22,4.55,4.85,5.15,5.34,5.53,5.63,5.73,5.83,5.89,5.96,6.02,6.08,6.15,6.21,6.27,6.33,6.40,6.46
31/12/1993,3.63,4.25,4.58,4.90,5.21,5.37,5.53,5.63,5.73,5.83,5.90,5.96,6.03,6.09,6.16,6.22,6.29,6.35,6.42,6.48
31/01/1994,3.53,4.12,4.44,4.73,5.02,5.18,5.34,5.46,5.58,5.70,5.76,5.82,5.88,5.94,6.00,6.05,6.11,6.17,6.23,6.29
28/02/1994,4.03,4.67,5.04,5.32,5.60,5.77,5.94,6.01,6.08,6.15,6.21,6.27,6.33,6.39,6.45,6.51,6.57,6.63,6.69,6.75
31/03/1994,4.50,5.21,5.66,5.95,6.23,6.41,6.59,6.65,6.71,6.77,6.82,6.86,6.91,6.95,7.00,7.05,7.09,7.14,7.18,7.23
30/04/1994,5.07,5.73,6.16,6.40,6.64,6.76,6.88,6.94,7.00,7.06,7.10,7.14,7.17,7.21,7.25,7.29,7.33,7.36,7.40,7.44
31/05/1994,5.38,6.01,6.36,6.57,6.77,6.88,6.99,7.05,7.11,7.17,7.21,7.25,7.29,7.33,7.38,7.42,7.46,7.50,7.54,7.58
30/06/1994,5.51,6.19,6.52,6.75,6.97,7.08,7.18,7.23,7.29,7.34,7.38,7.42,7.46,7.50,7.55,7.59,7.63,7.67,7.71,7.75
31/07/1994,5.37,5.99,6.33,6.53,6.73,6.83,6.92,6.99,7.05,7.12,7.15,7.19,7.22,7.26,7.29,7.32,7.36,7.39,7.43,7.46
31/08/1994,5.56,6.17,6.44,6.63,6.81,6.91,7.00,7.06,7.13,7.19,7.23,7.27,7.31,7.35,7.40,7.44,7.48,7.52,7.56,7.60
30/09/1994,5.96,6.62,6.92,7.10,7.28,7.37,7.46,7.51,7.57,7.62,7.66,7.69,7.73,7.76,7.80,7.84,7.87,7.91,7.94,7.98
31/10/1994,6.18,6.84,7.10,7.29,7.48,7.57,7.65,7.70,7.76,7.81,7.84,7.87,7.89,7.92,7.95,7.98,8.01,8.03,8.06,8.09
30/11/1994,6.91,7.40,7.62,7.71,7.79,7.82,7.84,7.86,7.89,7.91,7.93,7.95,7.97,7.99,8.01,8.02,8.04,8.06,8.08,8.10
31/12/1994,7.20,7.69,7.80,7.82,7.83,7.84,7.84,7.84,7.84,7.84,7.86,7.88,7.89,7.91,7.93,7.95,7.97,7.98,8.00,8.02
31/01/1995,6.84,7.26,7.39,7.47,7.54,7.56,7.58,7.59,7.59,7.60,7.62,7.64,7.66,7.68,7.71,7.73,7.75,7.77,7.79,7.81
28/02/1995,6.44,6.79,6.90,6.98,7.06,7.11,7.15,7.17,7.20,7.22,7.26,7.29,7.33,7.36,7.40,7.44,7.47,7.51,7.54,7.58
31/03/1995,6.49,6.80,6.92,7.00,7.08,7.13,7.17,7.18,7.19,7.20,7.23,7.27,7.30,7.34,7.37,7.40,7.44,7.47,7.51,7.54
30/04/1995,6.32,6.60,6.72,6.80,6.88,6.92,6.95,6.99,7.03,7.07,7.11,7.14,7.18,7.21,7.25,7.28,7.32,7.35,7.39,7.42
31/05/1995,5.80,5.89,5.95,6.02,6.08,6.13,6.18,6.22,6.26,6.30,6.34,6.38,6.43,6.47,6.51,6.55,6.59,6.64,6.68,6.72
30/06/1995,5.65,5.79,5.88,5.93,5.98,6.05,6.12,6.15,6.18,6.21,6.25,6.30,6.34,6.38,6.43,6.47,6.51,6.55,6.60,6.64
31/07/1995,5.67,5.88,6.02,6.09,6.16,6.26,6.35,6.38,6.42,6.45,6.49,6.54,6.58,6.62,6.67,6.71,6.75,6.79,6.84,6.88
31/08/1995,5.65,5.85,5.95,6.01,6.07,6.14,6.21,6.23,6.26,6.28,6.32,6.37,6.41,6.46,6.50,6.54,6.59,6.63,6.68,6.72
30/09/1995,5.65,5.83,5.91,5.96,6.01,6.06,6.11,6.13,6.15,6.17,6.21,6.26,6.30,6.34,6.39,6.43,6.47,6.51,6.56,6.60
31/10/1995,5.55,5.61,5.70,5.76,5.81,5.87,5.92,5.96,5.99,6.03,6.07,6.10,6.14,6.18,6.22,6.25,6.29,6.33,6.36,6.40
30/11/1995,5.36,5.36,5.41,5.47,5.53,5.61,5.68,5.71,5.73,5.76,5.80,5.85,5.89,5.94,5.98,6.02,6.07,6.11,6.16,6.20
31/12/1995,5.18,5.18,5.25,5.32,5.38,5.44,5.49,5.52,5.55,5.58,5.62,5.67,5.71,5.75,5.80,5.84,5.88,5.92,5.97,6.01
31/01/1996,4.90,4.93,5.06,5.16,5.25,5.36,5.46,5.51,5.55,5.60,5.65,5.69,5.74,5.79,5.84,5.88,5.93,5.98,6.02,6.07
29/02/1996,5.23,5.44,5.56,5.65,5.73,5.86,5.99,6.04,6.08,6.13,6.17,6.22,6.26,6.31,6.35,6.39,6.44,6.48,6.53,6.57
31/03/1996,5.41,5.79,5.91,6.01,6.10,6.20,6.30,6.31,6.33,6.34,6.39,6.44,6.49,6.54,6.59,6.63,6.68,6.73,6.78,6.83
30/04/1996,5.62,6.03,6.19,6.30,6.40,6.49,6.58,6.61,6.63,6.66,6.70,6.74,6.78,6.82,6.86,6.90,6.94,6.98,7.02,7.06
31/05/1996,5.77,6.27,6.44,6.54,6.64,6.71,6.78,6.80,6.83,6.85,6.88,6.91,6.95,6.98,7.01,7.04,7.07,7.11,7.14,7.17
30/06/1996,5.70,6.11,6.30,6.39,6.47,6.54,6.61,6.65,6.69,6.73,6.76,6.79,6.82,6.85,6.88,6.91,6.94,6.97,7.00,7.03
31/07/1996,5.85,6.22,6.39,6.48,6.57,6.63,6.68,6.72,6.76,6.80,6.83,6.85,6.88,6.91,6.94,6.96,6.99,7.02,7.04,7.07
31/08/1996,5.91,6.34,6.54,6.64,6.73,6.80,6.86,6.89,6.93,6.96,6.99,7.02,7.06,7.09,7.12,7.15,7.18,7.22,7.25,7.28
30/09/1996,5.71,6.10,6.28,6.37,6.46,6.53,6.60,6.64,6.68,6.72,6.75,6.79,6.82,6.85,6.89,6.92,6.95,6.98,7.02,7.05
31/10/1996,5.44,5.77,5.92,6.01,6.10,6.17,6.24,6.28,6.33,6.37,6.41,6.44,6.48,6.52,6.56,6.59,6.63,6.67,6.70,6.74
30/11/1996,5.38,5.59,5.70,5.77,5.84,5.91,5.97,6.00,6.03,6.06,6.10,6.14,6.18,6.22,6.26,6.29,6.33,6.37,6.41,6.45
31/12/1996,5.51,5.88,6.04,6.13,6.21,6.28,6.34,6.37,6.40,6.43,6.46,6.49,6.52,6.55,6.58,6.61,6.64,6.67,6.70,6.73
31/01/1997,5.58,5.94,6.08,6.17,6.26,6.33,6.40,6.44,6.49,6.53,6.56,6.60,6.63,6.66,6.70,6.73,6.76,6.79,6.83,6.86
28/02/1997,5.67,6.09,6.23,6.31,6.39,6.45,6.50,6.52,6.54,6.56,6.60,6.63,6.67,6.70,6.74,6.77,6.81,6.84,6.88,6.91
31/03/1997,6.02,6.45,6.60,6.69,6.77,6.83,6.89,6.90,6.91,6.92,6.95,6.98,7.01,7.04,7.07,7.10,7.13,7.16,7.19,7.22
30/04/1997,5.90,6.29,6.42,6.50,6.57,6.63,6.68,6.69,6.71,6.72,6.75,6.79,6.82,6.85,6.89,6.92,6.95,6.98,7.02,7.05
31/05/1997,5.78,6.22,6.37,6.44,6.51,6.56,6.61,6.63,6.65,6.67,6.70,6.73,6.77,6.80,6.83,6.86,6.89,6.93,6.96,6.99
30/06/1997,5.67,6.08,6.25,6.33,6.40,6.45,6.49,6.50,6.50,6.51,6.55,6.58,6.62,6.65,6.69,6.72,6.76,6.79,6.83,6.86
31/07/1997,5.45,5.74,5.81,5.86,5.90,5.95,5.99,6.00,6.01,6.02,6.05,6.09,6.12,6.15,6.19,6.22,6.25,6.28,6.32,6.35
31/08/1997,5.59,5.97,6.10,6.16,6.22,6.28,6.33,6.33,6.34,6.34,6.38,6.41,6.45,6.48,6.52,6.55,6.59,6.62,6.66,6.69
30/09/1997,5.47,5.80,5.88,5.94,6.00,6.06,6.11,6.11,6.12,6.12,6.16,6.19,6.23,6.26,6.30,6.33,6.37,6.40,6.44,6.47
31/10/1997,5.36,5.63,5.70,5.71,5.72,5.80,5.87,5.86,5.85,5.84,5.88,5.91,5.95,5.99,6.03,6.06,6.10,6.14,6.17,6.21
30/11/1997,5.52,5.76,5.80,5.82,5.83,5.86,5.89,5.88,5.87,5.86,5.89,5.91,5.94,5.96,5.99,6.02,6.04,6.07,6.09,6.12
31/12/1997,5.51,5.66,5.68,5.70,5.71,5.74,5.77,5.76,5.76,5.75,5.78,5.80,5.83,5.86,5.89,5.91,5.94,5.97,5.99,6.02
31/01/1998,5.24,5.32,5.35,5.37,5.39,5.45,5.51,5.52,5.52,5.53,5.57,5.60,5.64,5.67,5.71,5.74,5.78,5.81,5.85,5.88
28/02/1998,5.41,5.55,5.55,5.57,5.59,5.63,5.67,5.65,5.64,5.62,5.66,5.69,5.73,5.77,5.81,5.84,5.88,5.92,5.95,5.99
31/03/1998,5.41,5.60,5.61,5.63,5.64,5.69,5.74,5.72,5.69,5.67,5.71,5.74,5.78,5.81,5.85,5.88,5.92,5.95,5.99,6.02
30/04/1998,5.40,5.59,5.62,5.64,5.65,5.70,5.74,5.72,5.70,5.68,5.72,5.75,5.79,5.82,5.86,5.90,5.93,5.97,6.00,6.04
31/05/1998,5.42,5.53,5.54,5.55,5.56,5.60,5.63,5.61,5.58,5.56,5.59,5.63,5.66,5.70,5.73,5.76,5.80,5.83,5.87,5.90
30/06/1998,5.38,5.49,5.49,5.48,5.47,5.50,5.52,5.49,5.47,5.44,5.47,5.50,5.53,5.56,5.59,5.61,5.64,5.67,5.70,5.73
31/07/1998,5.38,5.49,5.48,5.50,5.52,5.54,5.56,5.54,5.52,5.50,5.53,5.56,5.59,5.62,5.66,5.69,5.72,5.75,5.78,5.81
31/08/1998,4.95,4.91,4.85,4.88,4.91,4.97,5.03,5.04,5.04,5.05,5.09,5.13,5.17,5.21,5.25,5.29,5.33,5.37,5.41,5.45
30/09/1998,4.41,4.30,4.26,4.25,4.23,4.31,4.38,4.40,4.42,4.44,4.51,4.59,4.66,4.73,4.81,4.88,4.95,5.02,5.10,5.17
31/10/1998,4.18,4.12,4.24,4.24,4.24,4.36,4.47,4.53,4.58,4.64,4.71,4.79,4.86,4.94,5.01,5.08,5.16,5.23,5.31,5.38
30/11/1998,4.53,4.54,4.54,4.53,4.51,4.61,4.70,4.71,4.73,4.74,4.80,4.86,4.92,4.98,5.04,5.09,5.15,5.21,5.27,5.33
31/12/1998,4.53,4.54,4.55,4.56,4.56,4.65,4.73,4.70,4.68,4.65,4.72,4.80,4.87,4.95,5.02,5.09,5.17,5.24,5.32,5.39
31/01/1999,4.51,4.58,4.57,4.56,4.55,4.64,4.72,4.70,4.68,4.66,4.73,4.80,4.87,4.94,5.01,5.07,5.14,5.21,5.28,5.35
28/02/1999,4.88,5.13,5.16,5.19,5.21,5.30,5.39,5.36,5.32,5.29,5.35,5.40,5.46,5.51,5.57,5.63,5.68,5.74,5.79,5.85
31/03/1999,4.72,4.99,5.07,5.10,5.12,5.25,5.38,5.34,5.29,5.25,5.32,5.38,5.45,5.52,5.59,5.65,5.72,5.79,5.85,5.92
30/04/1999,4.78,5.08,5.17,5.21,5.24,5.33,5.42,5.40,5.38,5.36,5.42,5.48,5.53,5.59,5.65,5.71,5.77,5.82,5.88,5.94
31/05/1999,4.97,5.42,5.51,5.56,5.60,5.72,5.83,5.77,5.70,5.64,5.69,5.74,5.79,5.84,5.90,5.95,6.00,6.05,6.10,6.15
30/06/1999,5.07,5.53,5.59,5.63,5.67,5.80,5.93,5.89,5.85,5.81,5.86,5.91,5.95,6.00,6.05,6.10,6.15,6.19,6.24,6.29
31/07/1999,5.13,5.63,5.70,5.76,5.82,5.96,6.10,6.04,5.98,5.92,5.97,6.02,6.06,6.11,6.16,6.21,6.26,6.30,6.35,6.40
31/08/1999,5.30,5.73,5.82,5.85,5.88,6.04,6.20,6.13,6.05,5.98,6.03,6.08,6.13,6.18,6.24,6.29,6.34,6.39,6.44,6.49
30/09/1999,5.22,5.63,5.70,5.74,5.78,5.94,6.10,6.03,5.97,5.90,5.96,6.01,6.07,6.13,6.19,6.24,6.30,6.36,6.41,6.47
31/10/1999,5.43,5.79,5.90,5.94,5.97,6.08,6.19,6.13,6.08,6.02,6.07,6.12,6.17,6.22,6.27,6.32,6.37,6.42,6.47,6.52
30/11/1999,5.70,6.01,6.05,6.08,6.11,6.20,6.28,6.25,6.21,6.18,6.22,6.27,6.31,6.36,6.40,6.44,6.49,6.53,6.58,6.62
31/12/1999,5.98,6.24,6.29,6.33,6.36,6.46,6.55,6.52,6.48,6.45,6.49,6.53,6.56,6.60,6.64,6.68,6.72,6.75,6.79,6.83
31/01/2000,6.30,6.61,6.65,6.68,6.71,6.73,6.75,6.73,6.70,6.68,6.68,6.69,6.69,6.70,6.70,6.70,6.71,6.71,6.72,6.72
29/02/2000,6.20,6.53,6.58,6.60,6.61,6.64,6.67,6.59,6.50,6.42,6.42,6.43,6.43,6.44,6.44,6.44,6.45,6.45,6.46,6.46
31/03/2000,6.28,6.50,6.44,6.38,6.32,6.30,6.28,6.20,6.11,6.03,6.05,6.06,6.08,6.10,6.12,6.13,6.15,6.17,6.18,6.20
30/04/2000,6.24,6.68,6.64,6.60,6.56,6.53,6.49,6.40,6.32,6.23,6.24,6.25,6.25,6.26,6.27,6.28,6.29,6.29,6.30,6.31
31/05/2000,6.37,6.69,6.66,6.60,6.54,6.53,6.52,6.44,6.37,6.29,6.30,6.32,6.33,6.34,6.36,6.37,6.38,6.39,6.41,6.42
30/06/2000,6.08,6.38,6.31,6.25,6.18,6.22,6.25,6.18,6.10,6.03,6.05,6.08,6.10,6.12,6.15,6.17,6.19,6.21,6.24,6.26
31/07/2000,6.07,6.30,6.24,6.20,6.16,6.18,6.19,6.14,6.09,6.04,6.05,6.06,6.07,6.08,6.09,6.09,6.10,6.11,6.12,6.13
31/08/2000,6.22,6.18,6.09,6.04,5.98,5.98,5.98,5.90,5.81,5.73,5.75,5.78,5.80,5.82,5.85,5.87,5.89,5.91,5.94,5.96
30/09/2000,6.07,5.98,5.91,5.88,5.85,5.89,5.93,5.89,5.84,5.80,5.83,5.87,5.90,5.93,5.97,6.00,6.03,6.06,6.10,6.13
31/10/2000,6.12,5.94,5.87,5.85,5.83,5.85,5.87,5.84,5.80,5.77,5.80,5.82,5.85,5.87,5.90,5.92,5.95,5.97,6.00,6.02
30/11/2000,5.92,5.61,5.52,5.47,5.42,5.46,5.50,5.49,5.49,5.48,5.51,5.54,5.57,5.60,5.63,5.66,5.69,5.72,5.75,5.78
31/12/2000,5.32,5.11,5.06,5.03,4.99,5.08,5.16,5.15,5.13,5.12,5.17,5.21,5.26,5.31,5.36,5.40,5.45,5.50,5.54,5.59
31/01/2001,4.60,4.62,4.67,4.76,4.85,4.97,5.08,5.12,5.15,5.19,5.24,5.28,5.33,5.37,5.42,5.47,5.51,5.56,5.60,5.65
28/02/2001,4.47,4.41,4.48,4.59,4.70,4.82,4.93,4.93,4.92,4.92,4.98,5.04,5.10,5.16,5.22,5.27,5.33,5.39,5.45,5.51
31/03/2001,4.09,4.18,4.33,4.48,4.62,4.74,4.86,4.88,4.91,4.93,5.00,5.06,5.13,5.20,5.27,5.33,5.40,5.47,5.53,5.60
30/04/2001,3.94,4.30,4.55,4.76,4.97,5.10,5.22,5.26,5.31,5.35,5.41,5.46,5.52,5.58,5.64,5.69,5.75,5.81,5.86,5.92
31/05/2001,3.63,4.22,4.49,4.72,4.94,5.11,5.27,5.32,5.38,5.43,5.48,5.53,5.59,5.64,5.69,5.74,5.79,5.85,5.90,5.95
30/06/2001,3.72,4.25,4.52,4.75,4.97,5.13,5.28,5.33,5.37,5.42,5.47,5.52,5.57,5.62,5.67,5.71,5.76,5.81,5.86,5.91
31/07/2001,3.53,3.79,4.06,4.32,4.57,4.72,4.86,4.93,5.00,5.07,5.12,5.18,5.23,5.29,5.34,5.39,5.45,5.50,5.56,5.61
31/08/2001,3.41,3.64,3.91,4.19,4.46,4.59,4.72,4.76,4.81,4.85,4.91,4.97,5.04,5.10,5.16,5.22,5.28,5.35,5.41,5.47
30/09/2001,2.49,2.86,3.22,3.58,3.93,4.15,4.37,4.45,4.52,4.60,4.69,4.77,4.86,4.94,5.03,5.11,5.20,5.28,5.37,5.45
31/10/2001,2.07,2.44,2.87,3.27,3.66,3.85,4.03,4.12,4.21,4.30,4.38,4.45,4.53,4.60,4.68,4.75,4.83,4.90,4.98,5.05
30/11/2001,2.06,2.84,3.30,3.69,4.08,4.32,4.55,4.63,4.70,4.78,4.86,4.93,5.01,5.08,5.16,5.24,5.31,5.39,5.46,5.54
31/12/2001,2.17,3.07,3.59,3.99,4.38,4.61,4.84,4.92,4.99,5.07,5.14,5.20,5.27,5.34,5.41,5.47,5.54,5.61,5.67,5.74
31/01/2002,2.29,3.16,3.70,4.06,4.42,4.62,4.82,4.90,4.99,5.07,5.13,5.19,5.25,5.31,5.38,5.44,5.50,5.56,5.62,5.68
28/02/2002,2.25,3.06,3.64,3.96,4.27,4.49,4.70,4.76,4.82,4.88,4.95,5.03,5.10,5.17,5.25,5.32,5.39,5.46,5.54,5.61
31/03/2002,2.70,3.72,4.31,4.61,4.91,5.10,5.29,5.33,5.38,5.42,5.48,5.54,5.60,5.66,5.73,5.79,5.85,5.91,5.97,6.03
30/04/2002,2.35,3.24,3.83,4.18,4.53,4.71,4.88,4.96,5.03,5.11,5.17,5.24,5.30,5.36,5.43,5.49,5.55,5.61,5.68,5.74
31/05/2002,2.34,3.22,3.73,4.05,4.37,4.57,4.77,4.87,4.98,5.08,5.15,5.22,5.29,5.36,5.43,5.49,5.56,5.63,5.70,5.77
30/06/2002,2.06,2.90,3.37,3.73,4.09,4.31,4.52,4.63,4.75,4.86,4.94,5.02,5.10,5.18,5.26,5.33,5.41,5.49,5.57,5.65
31/07/2002,1.80,2.23,2.67,3.10,3.53,3.81,4.09,4.23,4.37,4.51,4.60,4.69,4.78,4.87,4.96,5.05,5.14,5.23,5.32,5.41
31/08/2002,1.74,2.14,2.50,2.86,3.22,3.50,3.78,3.90,4.02,4.14,4.23,4.32,4.42,4.51,4.60,4.69,4.78,4.88,4.97,5.06
30/09/2002,1.53,1.72,2.02,2.33,2.63,2.94,3.25,3.38,3.50,3.63,3.74,3.85,3.97,4.08,4.19,4.30,4.41,4.53,4.64,4.75
31/10/2002,1.46,1.68,2.05,2.43,2.81,3.13,3.45,3.61,3.77,3.93,4.04,4.15,4.26,4.37,4.48,4.59,4.70,4.81,4.92,5.03
30/11/2002,1.56,2.08,2.51,2.90,3.28,3.58,3.88,3.99,4.11,4.22,4.32,4.41,4.51,4.60,4.70,4.80,4.89,4.99,5.08,5.18
31/12/2002,1.32,1.61,1.99,2.39,2.78,3.07,3.36,3.52,3.67,3.83,3.93,4.03,4.13,4.23,4.33,4.43,4.53,4.63,4.73,4.83
31/01/2003,1.31,1.72,2.16,2.59,3.02,3.29,3.55,3.70,3.85,4.00,4.09,4.19,4.28,4.37,4.47,4.56,4.65,4.74,4.84,4.93
28/02/2003,1.24,1.53,1.91,2.30,2.69,2.97,3.24,3.40,3.55,3.71,3.81,3.91,4.01,4.11,4.21,4.30,4.40,4.50,4.60,4.70
31/03/2003,1.19,1.51,1.93,2.36,2.78,3.07,3.35,3.51,3.67,3.83,3.93,4.03,4.13,4.23,4.34,4.44,4.54,4.64,4.74,4.84
30/04/2003,1.22,1.51,1.95,2.40,2.85,3.12,3.39,3.56,3.72,3.89,3.98,4.07,4.16,4.25,4.34,4.43,4.52,4.61,4.70,4.79
31/05/2003,1.13,1.33,1.58,1.94,2.30,2.59,2.87,3.04,3.20,3.37,3.47,3.57,3.67,3.77,3.87,3.96,4.06,4.16,4.26,4.36
30/06/2003,1.09,1.32,1.66,2.06,2.46,2.75,3.03,3.20,3.37,3.54,3.64,3.74,3.83,3.93,4.03,4.13,4.23,4.32,4.42,4.52
31/07/2003,1.28,1.80,2.33,2.86,3.38,3.68,3.98,4.15,4.32,4.49,4.58,4.68,4.77,4.87,4.96,5.05,5.15,5.24,5.34,5.43
31/08/2003,1.35,1.95,2.51,2.99,3.46,3.73,4.00,4.15,4.30,4.45,4.54,4.63,4.71,4.80,4.89,4.98,5.07,5.15,5.24,5.33
30/09/2003,1.15,1.50,1.95,2.40,2.85,3.13,3.41,3.59,3.78,3.96,4.06,4.15,4.25,4.34,4.44,4.53,4.63,4.72,4.82,4.91
31/10/2003,1.31,1.85,2.36,2.82,3.27,3.54,3.80,3.98,4.15,4.33,4.42,4.50,4.59,4.68,4.77,4.85,4.94,5.03,5.11,5.20
30/11/2003,1.39,2.06,2.56,2.97,3.38,3.64,3.89,4.04,4.19,4.34,4.43,4.51,4.60,4.68,4.77,4.86,4.94,5.03,5.11,5.20
31/12/2003,1.26,1.84,2.37,2.81,3.25,3.51,3.77,3.94,4.10,4.27,4.35,4.44,4.52,4.60,4.69,4.77,4.85,4.93,5.02,5.10
31/01/2004,1.28,1.84,2.35,2.76,3.17,3.43,3.68,3.84,4.00,4.16,4.24,4.33,4.41,4.50,4.58,4.66,4.75,4.83,4.92,5.00
29/02/2004,1.21,1.66,2.13,2.57,3.01,3.25,3.48,3.65,3.82,3.99,4.08,4.16,4.25,4.33,4.42,4.51,4.59,4.68,4.76,4.85
31/03/2004,1.20,1.60,1.99,2.40,2.80,3.07,3.33,3.51,3.68,3.86,3.95,4.04,4.13,4.22,4.32,4.41,4.50,4.59,4.68,4.77
30/04/2004,1.55,2.31,2.86,3.25,3.63,3.87,4.11,4.25,4.39,4.53,4.61,4.69,4.76,4.84,4.92,5.00,5.08,5.15,5.23,5.31
31/05/2004,1.83,2.54,3.10,3.46,3.81,4.04,4.26,4.39,4.53,4.66,4.73,4.81,4.88,4.95,5.03,5.10,5.17,5.24,5.32,5.39
30/06/2004,2.09,2.70,3.16,3.49,3.81,4.03,4.24,4.37,4.49,4.62,4.69,4.76,4.83,4.90,4.98,5.05,5.12,5.19,5.26,5.33
31/07/2004,2.13,2.68,3.09,3.40,3.71,3.92,4.13,4.25,4.38,4.50,4.57,4.65,4.72,4.80,4.87,4.94,5.02,5.09,5.17,5.24
31/08/2004,1.99,2.41,2.75,3.04,3.33,3.55,3.76,3.88,4.01,4.13,4.21,4.29,4.37,4.45,4.53,4.61,4.69,4.77,4.85,4.93
30/09/2004,2.21,2.63,2.89,3.14,3.38,3.59,3.79,3.91,4.02,4.14,4.22,4.29,4.37,4.44,4.52,4.59,4.67,4.74,4.82,4.89
31/10/2004,2.28,2.56,2.82,3.06,3.30,3.50,3.70,3.82,3.93,4.05,4.12,4.20,4.27,4.35,4.42,4.49,4.57,4.64,4.72,4.79
30/11/2004,2.63,3.02,3.29,3.51,3.72,3.90,4.07,4.17,4.26,4.36,4.43,4.49,4.56,4.63,4.70,4.76,4.83,4.90,4.96,5.03
31/12/2004,2.75,3.08,3.25,3.44,3.63,3.79,3.94,4.04,4.14,4.24,4.30,4.36,4.42,4.48,4.55,4.61,4.67,4.73,4.79,4.85
31/01/2005,2.96,3.29,3.43,3.57,3.71,3.82,3.92,3.99,4.07,4.14,4.19,4.24,4.29,4.34,4.39,4.44,4.49,4.54,4.59,4.64
28/02/2005,3.20,3.59,3.75,3.88,4.00,4.09,4.18,4.24,4.30,4.36,4.40,4.45,4.49,4.53,4.58,4.62,4.66,4.70,4.75,4.79
31/03/2005,3.35,3.80,3.96,4.07,4.18,4.26,4.33,4.39,4.44,4.50,4.54,4.58,4.61,4.65,4.69,4.73,4.77,4.80,4.84,4.88
30/04/2005,3.33,3.66,3.73,3.82,3.90,3.97,4.03,4.09,4.15,4.21,4.25,4.29,4.33,4.37,4.41,4.45,4.49,4.53,4.57,4.61
31/05/2005,3.32,3.60,3.65,3.71,3.76,3.81,3.86,3.91,3.95,4.00,4.04,4.08,4.12,4.16,4.20,4.24,4.28,4.32,4.36,4.40
30/06/2005,3.45,3.66,3.67,3.70,3.72,3.76,3.80,3.85,3.89,3.94,3.97,4.01,4.04,4.08,4.11,4.14,4.18,4.21,4.25,4.28
31/07/2005,3.80,4.02,4.06,4.09,4.12,4.16,4.19,4.22,4.25,4.28,4.31,4.34,4.36,4.39,4.42,4.45,4.48,4.50,4.53,4.56
31/08/2005,3.77,3.84,3.83,3.85,3.87,3.90,3.93,3.96,3.99,4.02,4.05,4.08,4.10,4.13,4.16,4.19,4.22,4.24,4.27,4.30
30/09/2005,4.01,4.18,4.18,4.18,4.18,4.21,4.23,4.27,4.30,4.34,4.37,4.40,4.42,4.45,4.48,4.51,4.54,4.56,4.59,4.62
31/10/2005,4.31,4.40,4.41,4.43,4.45,4.47,4.49,4.52,4.54,4.57,4.60,4.62,4.65,4.68,4.71,4.73,4.76,4.79,4.81,4.84
30/11/2005,4.34,4.42,4.41,4.42,4.42,4.44,4.45,4.46,4.48,4.49,4.52,4.55,4.59,4.62,4.65,4.68,4.71,4.75,4.78,4.81
31/12/2005,4.38,4.41,4.37,4.36,4.35,4.36,4.36,4.37,4.38,4.39,4.41,4.43,4.46,4.48,4.50,4.52,4.54,4.57,4.59,4.61
31/01/2006,4.58,4.54,4.49,4.48,4.47,4.48,4.49,4.50,4.52,4.53,4.55,4.57,4.59,4.61,4.64,4.66,4.68,4.70,4.72,4.74
28/02/2006,4.73,4.69,4.67,4.64,4.61,4.59,4.57,4.56,4.56,4.55,4.57,4.58,4.60,4.61,4.63,4.64,4.66,4.67,4.69,4.70
31/03/2006,4.82,4.82,4.83,4.83,4.82,4.83,4.83,4.84,4.85,4.86,4.88,4.90,4.92,4.94,4.97,4.99,5.01,5.03,5.05,5.07
30/04/2006,4.90,4.87,4.87,4.90,4.92,4.95,4.98,5.01,5.04,5.07,5.09,5.12,5.14,5.17,5.19,5.21,5.24,5.26,5.29,5.31
31/05/2006,5.07,5.04,5.03,5.04,5.04,5.05,5.06,5.08,5.10,5.12,5.14,5.17,5.19,5.21,5.24,5.26,5.28,5.30,5.33,5.35
30/06/2006,5.21,5.16,5.13,5.12,5.10,5.11,5.11,5.12,5.14,5.15,5.17,5.18,5.20,5.21,5.23,5.25,5.26,5.28,5.29,5.31
31/07/2006,5.11,4.97,4.93,4.92,4.91,4.92,4.93,4.95,4.97,4.99,5.01,5.03,5.04,5.06,5.08,5.10,5.12,5.13,5.15,5.17
31/08/2006,5.01,4.79,4.71,4.71,4.70,4.70,4.70,4.71,4.73,4.74,4.76,4.78,4.80,4.82,4.85,4.87,4.89,4.91,4.93,4.95
30/09/2006,4.91,4.71,4.62,4.61,4.59,4.60,4.60,4.61,4.63,4.64,4.66,4.68,4.70,4.72,4.74,4.76,4.78,4.80,4.82,4.84
31/10/2006,4.99,4.71,4.62,4.60,4.57,4.57,4.57,4.58,4.60,4.61,4.63,4.65,4.67,4.69,4.71,4.73,4.75,4.77,4.79,4.81
30/11/2006,4.94,4.62,4.52,4.49,4.45,4.45,4.45,4.45,4.46,4.46,4.48,4.50,4.52,4.54,4.56,4.58,4.60,4.62,4.64,4.66
31/12/2006,5.00,4.82,4.74,4.72,4.70,4.70,4.70,4.70,4.71,4.71,4.73,4.75,4.77,4.79,4.81,4.83,4.85,4.87,4.89,4.91
31/01/2007,5.09,4.94,4.85,4.84,4.82,4.82,4.82,4.82,4.83,4.83,4.85,4.87,4.89,4.91,4.93,4.94,4.96,4.98,5.00,5.02
28/02/2007,4.96,4.65,4.55,4.54,4.52,4.53,4.53,4.54,4.55,4.56,4.58,4.60,4.63,4.65,4.67,4.69,4.71,4.74,4.76,4.78
31/03/2007,4.90,4.58,4.54,4.54,4.54,4.56,4.58,4.60,4.63,4.65,4.68,4.70,4.73,4.76,4.79,4.81,4.84,4.87,4.89,4.92
30/04/2007,4.89,4.60,4.54,4.53,4.51,4.53,4.55,4.58,4.60,4.63,4.66,4.68,4.71,4.73,4.76,4.78,4.81,4.83,4.86,4.88
31/05/2007,4.95,4.92,4.88,4.87,4.86,4.87,4.87,4.88,4.89,4.90,4.92,4.94,4.96,4.98,5.00,5.02,5.04,5.06,5.08,5.10
30/06/2007,4.91,4.87,4.89,4.91,4.92,4.94,4.96,4.98,5.01,5.03,5.05,5.07,5.08,5.10,5.12,5.14,5.16,5.17,5.19,5.21
31/07/2007,4.85,4.56,4.55,4.58,4.60,4.64,4.67,4.71,4.74,4.78,4.80,4.82,4.85,4.87,4.89,4.91,4.93,4.96,4.98,5.00
31/08/2007,4.19,4.15,4.16,4.21,4.25,4.31,4.36,4.42,4.48,4.54,4.57,4.61,4.64,4.67,4.71,4.74,4.77,4.80,4.84,4.87
30/09/2007,4.05,3.97,4.03,4.13,4.23,4.31,4.38,4.45,4.52,4.59,4.62,4.65,4.68,4.71,4.74,4.77,4.80,4.83,4.86,4.89
31/10/2007,4.04,3.94,3.94,4.05,4.16,4.23,4.29,4.35,4.42,4.48,4.51,4.54,4.57,4.60,4.64,4.67,4.70,4.73,4.76,4.79
30/11/2007,3.26,3.04,3.09,3.25,3.41,3.53,3.64,3.75,3.86,3.97,4.02,4.06,4.11,4.16,4.21,4.25,4.30,4.35,4.39,4.44
31/12/2007,3.34,3.05,3.07,3.26,3.45,3.58,3.70,3.81,3.93,4.04,4.09,4.13,4.18,4.22,4.27,4.32,4.36,4.41,4.45,4.50
31/01/2008,2.11,2.17,2.27,2.55,2.82,3.01,3.19,3.35,3.51,3.67,3.74,3.81,3.87,3.94,4.01,4.08,4.15,4.21,4.28,4.35
29/02/2008,1.77,1.65,1.87,2.19,2.50,2.73,2.96,3.15,3.34,3.53,3.61,3.70,3.78,3.87,3.95,4.03,4.12,4.20,4.29,4.37
31/03/2008,1.55,1.62,1.79,2.13,2.46,2.67,2.88,3.07,3.26,3.45,3.54,3.62,3.71,3.79,3.88,3.96,4.05,4.13,4.22,4.30
30/04/2008,1.85,2.29,2.49,2.76,3.03,3.19,3.34,3.48,3.63,3.77,3.84,3.91,3.99,4.06,4.13,4.20,4.27,4.35,4.42,4.49
31/05/2008,2.22,2.66,2.93,3.17,3.41,3.55,3.68,3.81,3.93,4.06,4.13,4.20,4.26,4.33,4.40,4.47,4.54,4.60,4.67,4.74
30/06/2008,2.36,2.63,2.91,3.13,3.34,3.48,3.61,3.74,3.86,3.99,4.05,4.11,4.17,4.23,4.29,4.35,4.41,4.47,4.53,4.59
31/07/2008,2.27,2.52,2.81,3.03,3.25,3.41,3.56,3.70,3.85,3.99,4.05,4.12,4.18,4.25,4.31,4.37,4.44,4.50,4.57,4.63
31/08/2008,2.17,2.36,2.60,2.85,3.10,3.28,3.45,3.58,3.70,3.83,3.89,3.96,4.02,4.09,4.15,4.21,4.28,4.34,4.41,4.47
30/09/2008,1.78,2.00,2.28,2.63,2.98,3.18,3.38,3.54,3.69,3.85,3.91,3.97,4.02,4.08,4.14,4.20,4.26,4.31,4.37,4.43
31/10/2008,1.34,1.56,1.80,2.30,2.80,3.05,3.29,3.53,3.77,4.01,4.08,4.16,4.23,4.30,4.38,4.45,4.52,4.59,4.67,4.74
30/11/2008,0.90,1.00,1.27,1.60,1.93,2.14,2.35,2.54,2.74,2.93,3.01,3.09,3.16,3.24,3.32,3.40,3.48,3.55,3.63,3.71
31/12/2008,0.37,0.76,1.00,1.28,1.55,1.71,1.87,2.00,2.12,2.25,2.33,2.41,2.49,2.57,2.65,2.73,2.81,2.89,2.97,3.05
31/01/2009,0.51,0.94,1.32,1.59,1.85,2.06,2.27,2.47,2.67,2.87,2.97,3.07,3.17,3.27,3.37,3.46,3.56,3.66,3.76,3.86
28/02/2009,0.72,1.00,1.40,1.70,1.99,2.34,2.69,2.80,2.91,3.02,3.12,3.21,3.31,3.40,3.50,3.60,3.69,3.79,3.88,3.98
31/03/2009,0.57,0.81,1.15,1.41,1.67,1.98,2.28,2.42,2.57,2.71,2.80,2.89,2.98,3.07,3.16,3.25,3.34,3.43,3.52,3.61
30/04/2009,0.49,0.91,1.38,1.70,2.02,2.36,2.70,2.85,3.01,3.16,3.25,3.35,3.44,3.54,3.63,3.72,3.82,3.91,4.01,4.10
31/05/2009,0.47,0.92,1.42,1.88,2.34,2.70,3.06,3.20,3.33,3.47,3.56,3.64,3.73,3.82,3.91,3.99,4.08,4.17,4.25,4.34
30/06/2009,0.56,1.11,1.64,2.09,2.54,2.87,3.19,3.30,3.42,3.53,3.61,3.68,3.76,3.84,3.92,3.99,4.07,4.15,4.22,4.30
31/07/2009,0.48,1.13,1.62,2.08,2.53,2.84,3.14,3.27,3.39,3.52,3.60,3.67,3.75,3.83,3.91,3.98,4.06,4.14,4.21,4.29
31/08/2009,0.43,0.97,1.49,1.94,2.39,2.71,3.03,3.15,3.28,3.40,3.47,3.55,3.62,3.70,3.77,3.84,3.92,3.99,4.07,4.14
30/09/2009,0.40,0.95,1.45,1.88,2.31,2.62,2.93,3.06,3.18,3.31,3.38,3.45,3.52,3.59,3.67,3.74,3.81,3.88,3.95,4.02
31/10/2009,0.37,0.90,1.43,1.87,2.31,2.65,2.98,3.12,3.27,3.41,3.49,3.57,3.64,3.72,3.80,3.88,3.96,4.03,4.11,4.19
30/11/2009,0.27,0.67,1.12,1.57,2.01,2.35,2.69,2.86,3.04,3.21,3.30,3.38,3.47,3.55,3.64,3.73,3.81,3.90,3.98,4.07
31/12/2009,0.47,1.14,1.70,2.20,2.69,3.04,3.39,3.54,3.70,3.85,3.92,4.00,4.07,4.14,4.22,4.29,4.36,4.43,4.51,4.58
31/01/2010,0.30,0.82,1.38,1.86,2.34,2.71,3.08,3.26,3.45,3.63,3.71,3.78,3.86,3.93,4.01,4.08,4.16,4.23,4.31,4.38
28/02/2010,0.32,0.81,1.36,1.83,2.30,2.68,3.05,3.24,3.42,3.61,3.69,3.77,3.85,3.93,4.01,4.08,4.16,4.24,4.32,4.40
31/03/2010,0.41,1.02,1.60,2.08,2.55,2.92,3.28,3.47,3.65,3.84,3.91,3.98,4.05,4.12,4.20,4.27,4.34,4.41,4.48,4.55
30/04/2010,0.41,0.97,1.51,1.97,2.43,2.78,3.12,3.31,3.50,3.69,3.76,3.82,3.89,3.96,4.03,4.09,4.16,4.23,4.29,4.36
31/05/2010,0.34,0.76,1.26,1.68,2.10,2.43,2.75,2.94,3.12,3.31,3.38,3.46,3.53,3.61,3.68,3.75,3.83,3.90,3.98,4.05
30/06/2010,0.32,0.61,1.00,1.40,1.79,2.11,2.42,2.60,2.79,2.97,3.05,3.12,3.20,3.28,3.36,3.43,3.51,3.59,3.66,3.74
31/07/2010,0.29,0.55,0.84,1.22,1.60,1.95,2.30,2.51,2.73,2.94,3.02,3.10,3.18,3.26,3.34,3.42,3.50,3.58,3.66,3.74
31/08/2010,0.25,0.47,0.72,1.03,1.33,1.63,1.92,2.10,2.29,2.47,2.55,2.62,2.70,2.77,2.85,2.93,3.00,3.08,3.15,3.23
30/09/2010,0.27,0.42,0.64,0.96,1.27,1.59,1.91,2.12,2.32,2.53,2.62,2.70,2.79,2.87,2.96,3.04,3.13,3.21,3.30,3.38
31/10/2010,0.22,0.34,0.51,0.84,1.17,1.53,1.89,2.14,2.38,2.63,2.73,2.83,2.93,3.03,3.14,3.24,3.34,3.44,3.54,3.64
30/11/2010,0.27,0.45,0.72,1.10,1.47,1.82,2.16,2.38,2.59,2.81,2.91,3.01,3.11,3.21,3.31,3.40,3.50,3.60,3.70,3.80
31/12/2010,0.29,0.61,1.02,1.52,2.01,2.36,2.71,2.91,3.10,3.30,3.38,3.47,3.55,3.63,3.72,3.80,3.88,3.96,4.05,4.13
31/01/2011,0.26,0.58,0.98,1.47,1.95,2.33,2.71,2.95,3.18,3.42,3.51,3.60,3.69,3.78,3.88,3.97,4.06,4.15,4.24,4.33
28/02/2011,0.25,0.69,1.18,1.66,2.13,2.48,2.82,3.02,3.22,3.42,3.50,3.59,3.67,3.75,3.84,3.92,4.00,4.08,4.17,4.25
31/03/2011,0.30,0.80,1.29,1.77,2.24,2.57,2.90,3.09,3.28,3.47,3.55,3.63,3.72,3.80,3.88,3.96,4.04,4.13,4.21,4.29
30/04/2011,0.22,0.61,1.01,1.49,1.97,2.32,2.66,2.88,3.10,3.32,3.40,3.49,3.57,3.65,3.74,3.82,3.90,3.98,4.07,4.15
31/05/2011,0.18,0.45,0.79,1.24,1.68,2.03,2.37,2.60,2.82,3.05,3.14,3.22,3.31,3.39,3.48,3.57,3.65,3.74,3.82,3.91
30/06/2011,0.19,0.45,0.81,1.29,1.76,2.13,2.50,2.73,2.95,3.18,3.27,3.36,3.45,3.54,3.64,3.73,3.82,3.91,4.00,4.09
31/07/2011,0.20,0.36,0.55,0.95,1.35,1.72,2.09,2.33,2.58,2.82,2.92,3.01,3.11,3.20,3.30,3.39,3.49,3.58,3.68,3.77
31/08/2011,0.10,0.20,0.33,0.65,0.96,1.26,1.56,1.78,2.01,2.23,2.33,2.42,2.52,2.61,2.71,2.81,2.90,3.00,3.09,3.19
30/09/2011,0.13,0.25,0.42,0.69,0.96,1.20,1.43,1.59,1.76,1.92,1.99,2.07,2.14,2.22,2.29,2.36,2.44,2.51,2.59,2.66
31/10/2011,0.12,0.25,0.41,0.70,0.99,1.29,1.58,1.78,1.97,2.17,2.24,2.31,2.39,2.46,2.53,2.60,2.67,2.75,2.82,2.89
30/11/2011,0.12,0.25,0.41,0.69,0.96,1.25,1.53,1.71,1.90,2.08,2.15,2.22,2.29,2.36,2.43,2.49,2.56,2.63,2.70,2.77
31/12/2011,0.12,0.25,0.36,0.60,0.83,1.09,1.35,1.53,1.71,1.89,1.96,2.03,2.09,2.16,2.23,2.30,2.37,2.43,2.50,2.57
31/01/2012,0.13,0.22,0.30,0.51,0.71,0.98,1.24,1.44,1.63,1.83,1.91,1.98,2.06,2.13,2.21,2.29,2.36,2.44,2.51,2.59
29/02/2012,0.18,0.30,0.43,0.65,0.87,1.13,1.39,1.59,1.78,1.98,2.06,2.13,2.21,2.28,2.36,2.43,2.51,2.58,2.66,2.73
31/03/2012,0.19,0.33,0.51,0.78,1.04,1.33,1.61,1.82,2.02,2.23,2.31,2.38,2.46,2.54,2.62,2.69,2.77,2.85,2.92,3.00
30/04/2012,0.20,0.27,0.38,0.60,0.82,1.08,1.33,1.54,1.74,1.95,2.03,2.11,2.18,2.26,2.34,2.42,2.50,2.57,2.65,2.73
31/05/2012,0.18,0.27,0.35,0.51,0.67,0.85,1.03,1.22,1.40,1.59,1.66,1.73,1.79,1.86,1.93,2.00,2.07,2.13,2.20,2.27
30/06/2012,0.21,0.33,0.41,0.57,0.72,0.92,1.11,1.30,1.48,1.67,1.74,1.81,1.88,1.95,2.03,2.10,2.17,2.24,2.31,2.38
31/07/2012,0.16,0.23,0.30,0.45,0.60,0.79,0.98,1.16,1.33,1.51,1.58,1.65,1.72,1.79,1.86,1.93,2.00,2.07,2.14,2.21
31/08/2012,0.16,0.22,0.30,0.45,0.59,0.80,1.01,1.20,1.38,1.57,1.64,1.71,1.79,1.86,1.93,2.00,2.07,2.15,2.22,2.29
30/09/2012,0.17,0.23,0.31,0.47,0.62,0.83,1.04,1.24,1.45,1.65,1.73,1.80,1.88,1.96,2.04,2.11,2.19,2.27,2.34,2.42
31/10/2012,0.18,0.30,0.38,0.55,0.72,0.93,1.14,1.33,1.53,1.72,1.79,1.87,1.94,2.02,2.09,2.16,2.24,2.31,2.39,2.46
30/11/2012,0.18,0.25,0.34,0.48,0.61,0.83,1.04,1.23,1.43,1.62,1.70,1.77,1.85,1.92,2.00,2.07,2.15,2.22,2.30,2.37
31/12/2012,0.16,0.25,0.36,0.54,0.72,0.95,1.18,1.38,1.58,1.78,1.86,1.93,2.01,2.08,2.16,2.24,2.31,2.39,2.46,2.54
31/01/2013,0.15,0.27,0.42,0.65,0.88,1.13,1.38,1.59,1.81,2.02,2.10,2.17,2.25,2.33,2.41,2.48,2.56,2.64,2.71,2.79
28/02/2013,0.17,0.25,0.36,0.57,0.77,1.02,1.26,1.47,1.68,1.89,1.97,2.05,2.14,2.22,2.30,2.38,2.46,2.55,2.63,2.71
31/03/2013,0.14,0.25,0.36,0.57,0.77,1.01,1.24,1.45,1.66,1.87,1.95,2.04,2.12,2.21,2.29,2.37,2.46,2.54,2.63,2.71
30/04/2013,0.11,0.22,0.32,0.50,0.68,0.90,1.11,1.31,1.50,1.70,1.78,1.86,1.94,2.02,2.10,2.17,2.25,2.33,2.41,2.49
31/05/2013,0.14,0.30,0.52,0.79,1.05,1.30,1.55,1.75,1.96,2.16,2.24,2.32,2.40,2.48,2.56,2.63,2.71,2.79,2.87,2.95
30/06/2013,0.15,0.36,0.66,1.04,1.41,1.69,1.96,2.15,2.33,2.52,2.59,2.66,2.73,2.80,2.87,2.94,3.01,3.08,3.15,3.22
31/07/2013,0.11,0.31,0.61,1.00,1.38,1.69,2.00,2.20,2.40,2.60,2.67,2.75,2.82,2.90,2.97,3.04,3.12,3.19,3.27,3.34
31/08/2013,0.13,0.39,0.79,1.21,1.62,1.93,2.24,2.42,2.60,2.78,2.85,2.92,2.98,3.05,3.12,3.19,3.26,3.32,3.39,3.46
30/09/2013,0.10,0.33,0.63,1.01,1.39,1.71,2.02,2.23,2.43,2.64,2.72,2.79,2.87,2.95,3.03,3.10,3.18,3.26,3.33,3.41
31/10/2013,0.10,0.31,0.57,0.94,1.31,1.63,1.95,2.16,2.36,2.57,2.65,2.72,2.80,2.87,2.95,3.03,3.10,3.18,3.25,3.33
30/11/2013,0.13,0.28,0.56,0.97,1.37,1.74,2.10,2.32,2.53,2.75,2.83,2.91,2.99,3.07,3.15,3.22,3.30,3.38,3.46,3.54
31/12/2013,0.13,0.38,0.78,1.27,1.75,2.10,2.45,2.65,2.84,3.04,3.11,3.18,3.24,3.31,3.38,3.45,3.52,3.58,3.65,3.72
31/01/2014,0.10,0.34,0.69,1.09,1.49,1.81,2.13,2.31,2.49,2.67,2.74,2.81,2.87,2.94,3.01,3.08,3.15,3.21,3.28,3.35
28/02/2014,0.12,0.33,0.69,1.10,1.51,1.82,2.13,2.31,2.48,2.66,2.73,2.79,2.86,2.92,2.99,3.05,3.12,3.18,3.25,3.31
31/03/2014,0.13,0.44,0.90,1.32,1.73,2.02,2.30,2.44,2.59,2.73,2.79,2.85,2.90,2.96,3.02,3.08,3.14,3.19,3.25,3.31
30/04/2014,0.11,0.42,0.87,1.28,1.69,1.97,2.25,2.39,2.53,2.67,2.73,2.78,2.84,2.89,2.95,3.00,3.06,3.11,3.17,3.22
31/05/2014,0.10,0.37,0.79,1.17,1.54,1.80,2.06,2.20,2.34,2.48,2.54,2.59,2.65,2.71,2.77,2.82,2.88,2.94,2.99,3.05
30/06/2014,0.11,0.47,0.88,1.25,1.62,1.88,2.13,2.26,2.40,2.53,2.59,2.64,2.70,2.75,2.81,2.86,2.92,2.97,3.03,3.08
31/07/2014,0.12,0.53,1.02,1.39,1.76,2.00,2.24,2.35,2.47,2.58,2.63,2.68,2.73,2.78,2.83,2.87,2.92,2.97,3.02,3.07
31/08/2014,0.09,0.48,0.94,1.29,1.63,1.84,2.05,2.15,2.25,2.35,2.40,2.45,2.49,2.54,2.59,2.64,2.69,2.73,2.78,2.83
30/09/2014,0.13,0.58,1.07,1.43,1.78,2.00,2.22,2.32,2.42,2.52,2.57,2.61,2.66,2.70,2.75,2.80,2.84,2.89,2.93,2.98
31/10/2014,0.11,0.50,0.95,1.29,1.62,1.84,2.05,2.15,2.25,2.35,2.40,2.44,2.49,2.53,2.58,2.63,2.67,2.72,2.76,2.81
30/11/2014,0.13,0.47,0.88,1.19,1.49,1.69,1.89,1.99,2.08,2.18,2.22,2.27,2.31,2.36,2.40,2.44,2.49,2.53,2.58,2.62
31/12/2014,0.25,0.67,1.10,1.38,1.65,1.81,1.97,2.04,2.10,2.17,2.20,2.23,2.26,2.29,2.32,2.35,2.38,2.41,2.44,2.47
31/01/2015,0.18,0.47,0.77,0.98,1.18,1.34,1.49,1.55,1.62,1.68,1.72,1.75,1.79,1.82,1.86,1.90,1.93,1.97,2.00,2.04
28/02/2015,0.22,0.63,1.01,1.26,1.50,1.66,1.82,1.88,1.94,2.00,2.04,2.08,2.11,2.15,2.19,2.23,2.27,2.30,2.34,2.38
31/03/2015,0.26,0.56,0.89,1.13,1.37,1.54,1.71,1.79,1.86,1.94,1.98,2.01,2.05,2.09,2.13,2.16,2.20,2.24,2.27,2.31
30/04/2015,0.24,0.58,0.91,1.17,1.43,1.61,1.79,1.88,1.96,2.05,2.09,2.14,2.18,2.23,2.27,2.31,2.36,2.40,2.45,2.49
31/05/2015,0.26,0.61,0.94,1.22,1.49,1.68,1.86,1.95,2.03,2.12,2.17,2.22,2.27,2.32,2.38,2.43,2.48,2.53,2.58,2.63
30/06/2015,0.28,0.64,1.01,1.32,1.63,1.85,2.07,2.16,2.26,2.35,2.40,2.45,2.49,2.54,2.59,2.64,2.69,2.73,2.78,2.83
31/07/2015,0.33,0.67,1.00,1.27,1.54,1.74,1.93,2.02,2.11,2.20,2.24,2.28,2.32,2.36,2.41,2.45,2.49,2.53,2.57,2.61
31/08/2015,0.39,0.74,1.07,1.31,1.54,1.74,1.94,2.03,2.12,2.21,2.25,2.30,2.34,2.38,2.43,2.47,2.51,2.55,2.60,2.64
30/09/2015,0.33,0.64,0.92,1.15,1.37,1.56,1.75,1.85,1.96,2.06,2.11,2.15,2.20,2.24,2.29,2.33,2.38,2.42,2.47,2.51
31/10/2015,0.34,0.75,1.05,1.29,1.52,1.70,1.88,1.97,2.07,2.16,2.20,2.24,2.28,2.32,2.37,2.41,2.45,2.49,2.53,2.57
30/11/2015,0.51,0.94,1.24,1.45,1.65,1.82,1.99,2.06,2.14,2.21,2.25,2.29,2.34,2.38,2.42,2.46,2.50,2.55,2.59,2.63
31/12/2015,0.65,1.06,1.31,1.54,1.76,1.93,2.09,2.15,2.21,2.27,2.31,2.35,2.39,2.43,2.47,2.51,2.55,2.59,2.63,2.67
31/01/2016,0.47,0.76,0.97,1.15,1.33,1.50,1.67,1.76,1.85,1.94,1.98,2.02,2.07,2.11,2.15,2.19,2.23,2.28,2.32,2.36
29/02/2016,0.62,0.78,0.91,1.07,1.22,1.37,1.52,1.59,1.67,1.74,1.79,1.83,1.88,1.92,1.97,2.01,2.06,2.10,2.15,2.19
31/03/2016,0.59,0.73,0.87,1.04,1.21,1.38,1.54,1.62,1.70,1.78,1.82,1.86,1.91,1.95,1.99,2.03,2.07,2.12,2.16,2.20
30/04/2016,0.56,0.77,0.92,1.10,1.28,1.44,1.60,1.68,1.75,1.83,1.87,1.92,1.96,2.00,2.05,2.09,2.13,2.17,2.22,2.26
31/05/2016,0.68,0.87,1.03,1.20,1.37,1.52,1.66,1.72,1.78,1.84,1.88,1.92,1.96,2.00,2.04,2.07,2.11,2.15,2.19,2.23
30/06/2016,0.45,0.58,0.71,0.86,1.01,1.15,1.29,1.36,1.42,1.49,1.53,1.56,1.60,1.64,1.68,1.71,1.75,1.79,1.82,1.86
31/07/2016,0.50,0.67,0.76,0.90,1.03,1.16,1.29,1.35,1.40,1.46,1.49,1.52,1.56,1.59,1.62,1.65,1.68,1.72,1.75,1.78
31/08/2016,0.61,0.80,0.92,1.06,1.19,1.32,1.45,1.49,1.54,1.58,1.61,1.64,1.68,1.71,1.74,1.77,1.80,1.84,1.87,1.90
30/09/2016,0.59,0.77,0.88,1.01,1.14,1.28,1.42,1.48,1.54,1.60,1.64,1.68,1.72,1.76,1.80,1.83,1.87,1.91,1.95,1.99
31/10/2016,0.66,0.86,1.00,1.16,1.31,1.47,1.62,1.69,1.77,1.84,1.88,1.92,1.96,2.00,2.05,2.09,2.13,2.17,2.21,2.25
30/11/2016,0.80,1.11,1.40,1.62,1.83,2.01,2.18,2.24,2.31,2.37,2.41,2.44,2.48,2.51,2.55,2.59,2.62,2.66,2.69,2.73
31/12/2016,0.85,1.20,1.47,1.70,1.93,2.09,2.25,2.32,2.38,2.45,2.48,2.52,2.55,2.59,2.62,2.65,2.69,2.72,2.76,2.79
31/01/2017,0.84,1.19,1.46,1.68,1.90,2.07,2.24,2.31,2.38,2.45,2.48,2.52,2.55,2.58,2.62,2.65,2.68,2.71,2.75,2.78
28/02/2017,0.88,1.22,1.49,1.69,1.89,2.04,2.19,2.25,2.30,2.36,2.39,2.43,2.46,2.50,2.53,2.56,2.60,2.63,2.67,2.70
31/03/2017,1.03,1.27,1.50,1.72,1.93,2.08,2.22,2.28,2.34,2.40,2.44,2.47,2.51,2.54,2.58,2.62,2.65,2.69,2.72,2.76
30/04/2017,1.07,1.28,1.45,1.63,1.81,1.96,2.10,2.16,2.23,2.29,2.33,2.37,2.40,2.44,2.48,2.52,2.56,2.59,2.63,2.67
31/05/2017,1.17,1.28,1.44,1.60,1.75,1.89,2.02,2.08,2.15,2.21,2.25,2.29,2.33,2.37,2.41,2.44,2.48,2.52,2.56,2.60
30/06/2017,1.24,1.38,1.55,1.72,1.89,2.02,2.14,2.20,2.25,2.31,2.34,2.37,2.40,2.43,2.46,2.49,2.52,2.55,2.58,2.61
31/07/2017,1.23,1.34,1.51,1.68,1.84,1.98,2.11,2.17,2.24,2.30,2.34,2.37,2.41,2.44,2.48,2.52,2.55,2.59,2.62,2.66
31/08/2017,1.23,1.33,1.44,1.57,1.70,1.83,1.95,2.01,2.06,2.12,2.16,2.19,2.23,2.26,2.30,2.33,2.37,2.40,2.44,2.47
30/09/2017,1.31,1.47,1.62,1.77,1.92,2.04,2.16,2.22,2.27,2.33,2.36,2.39,2.42,2.45,2.48,2.51,2.54,2.57,2.60,2.63
31/10/2017,1.43,1.60,1.73,1.87,2.01,2.12,2.23,2.28,2.33,2.38,2.41,2.44,2.46,2.49,2.52,2.55,2.58,2.60,2.63,2.66
30/11/2017,1.62,1.78,1.90,2.02,2.14,2.23,2.31,2.35,2.38,2.42,2.44,2.47,2.49,2.51,2.54,2.56,2.58,2.60,2.63,2.65
31/12/2017,1.76,1.89,1.98,2.09,2.20,2.27,2.33,2.35,2.38,2.40,2.42,2.44,2.45,2.47,2.49,2.51,2.53,2.54,2.56,2.58
31/01/2018,1.90,2.14,2.29,2.41,2.52,2.59,2.66,2.68,2.70,2.72,2.73,2.74,2.75,2.76,2.78,2.79,2.80,2.81,2.82,2.83
28/02/2018,2.07,2.25,2.42,2.54,2.65,2.73,2.80,2.82,2.85,2.87,2.89,2.90,2.92,2.93,2.95,2.96,2.98,2.99,3.01,3.02
31/03/2018,2.09,2.27,2.39,2.48,2.56,2.62,2.68,2.70,2.72,2.74,2.75,2.76,2.77,2.78,2.80,2.81,2.82,2.83,2.84,2.85
30/04/2018,2.24,2.49,2.62,2.71,2.79,2.85,2.91,2.92,2.94,2.95,2.96,2.96,2.97,2.97,2.98,2.99,2.99,3.00,3.00,3.01
31/05/2018,2.23,2.40,2.54,2.61,2.68,2.73,2.78,2.80,2.81,2.83,2.84,2.85,2.85,2.86,2.87,2.88,2.89,2.89,2.90,2.91
30/06/2018,2.33,2.52,2.63,2.68,2.73,2.77,2.81,2.82,2.84,2.85,2.86,2.86,2.87,2.87,2.88,2.89,2.89,2.90,2.90,2.91
31/07/2018,2.44,2.67,2.77,2.81,2.85,2.89,2.92,2.93,2.95,2.96,2.97,2.97,2.98,2.99,3.00,3.00,3.01,3.02,3.02,3.03
31/08/2018,2.46,2.62,2.70,2.72,2.74,2.78,2.81,2.83,2.84,2.86,2.87,2.88,2.89,2.90,2.91,2.91,2.92,2.93,2.94,2.95
30/09/2018,2.59,2.81,2.88,2.91,2.94,2.98,3.01,3.02,3.04,3.05,3.06,3.07,3.07,3.08,3.09,3.10,3.11,3.11,3.12,3.13
31/10/2018,2.69,2.87,2.93,2.96,2.98,3.03,3.07,3.10,3.12,3.15,3.17,3.18,3.20,3.21,3.23,3.24,3.26,3.27,3.29,3.30
30/11/2018,2.70,2.80,2.83,2.84,2.84,2.88,2.92,2.95,2.98,3.01,3.03,3.05,3.06,3.08,3.10,3.12,3.14,3.15,3.17,3.19
31/12/2018,2.63,2.48,2.46,2.49,2.51,2.55,2.59,2.62,2.66,2.69,2.71,2.73,2.74,2.76,2.78,2.80,2.82,2.83,2.85,2.87
31/01/2019,2.55,2.45,2.43,2.43,2.43,2.47,2.51,2.55,2.59,2.63,2.65,2.67,2.69,2.71,2.73,2.75,2.77,2.79,2.81,2.83
28/02/2019,2.54,2.52,2.50,2.51,2.52,2.58,2.63,2.66,2.70,2.73,2.75,2.77,2.79,2.81,2.84,2.86,2.88,2.90,2.92,2.94
31/03/2019,2.40,2.27,2.21,2.22,2.23,2.27,2.31,2.34,2.38,2.41,2.43,2.45,2.48,2.50,2.52,2.54,2.56,2.59,2.61,2.63
30/04/2019,2.39,2.27,2.24,2.26,2.28,2.34,2.39,2.43,2.47,2.51,2.53,2.56,2.58,2.61,2.63,2.65,2.68,2.70,2.73,2.75
31/05/2019,2.21,1.95,1.90,1.92,1.93,1.98,2.03,2.07,2.10,2.14,2.17,2.19,2.22,2.24,2.27,2.29,2.32,2.34,2.37,2.39
30/06/2019,1.92,1.75,1.71,1.74,1.76,1.82,1.87,1.91,1.96,2.00,2.03,2.06,2.09,2.12,2.16,2.19,2.22,2.25,2.28,2.31
31/07/2019,2.00,1.89,1.84,1.84,1.84,1.88,1.92,1.95,1.99,2.02,2.05,2.08,2.11,2.14,2.17,2.19,2.22,2.25,2.28,2.31
31/08/2019,1.76,1.50,1.42,1.41,1.39,1.42,1.45,1.47,1.48,1.50,1.53,1.56,1.58,1.61,1.64,1.67,1.70,1.72,1.75,1.78
30/09/2019,1.75,1.63,1.56,1.56,1.55,1.59,1.62,1.64,1.66,1.68,1.71,1.73,1.76,1.78,1.81,1.84,1.86,1.89,1.91,1.94
31/10/2019,1.53,1.52,1.52,1.52,1.51,1.56,1.60,1.63,1.66,1.69,1.72,1.75,1.78,1.81,1.85,1.88,1.91,1.94,1.97,2.00
30/11/2019,1.60,1.61,1.61,1.62,1.62,1.68,1.73,1.75,1.76,1.78,1.81,1.84,1.87,1.90,1.93,1.95,1.98,2.01,2.04,2.07
31/12/2019,1.59,1.58,1.62,1.66,1.69,1.76,1.83,1.86,1.89,1.92,1.95,1.99,2.02,2.05,2.09,2.12,2.15,2.18,2.22,2.25
31/01/2020,1.45,1.33,1.30,1.31,1.32,1.37,1.42,1.45,1.48,1.51,1.54,1.57,1.61,1.64,1.67,1.70,1.73,1.77,1.80,1.83
29/02/2020,0.97,0.86,0.85,0.87,0.89,0.96,1.03,1.06,1.10,1.13,1.16,1.20,1.23,1.26,1.30,1.33,1.36,1.39,1.43,1.46
31/03/2020,0.17,0.23,0.29,0.33,0.37,0.46,0.55,0.60,0.65,0.70,0.75,0.79,0.84,0.88,0.93,0.97,1.02,1.06,1.11,1.15
30/04/2020,0.16,0.20,0.24,0.30,0.36,0.45,0.53,0.57,0.60,0.64,0.68,0.72,0.76,0.80,0.85,0.89,0.93,0.97,1.01,1.05
31/05/2020,0.17,0.16,0.19,0.25,0.30,0.40,0.50,0.55,0.60,0.65,0.70,0.76,0.81,0.86,0.92,0.97,1.02,1.07,1.13,1.18
30/06/2020,0.16,0.16,0.18,0.24,0.29,0.39,0.49,0.55,0.60,0.66,0.71,0.76,0.82,0.87,0.92,0.97,1.02,1.08,1.13,1.18
31/07/2020,0.11,0.11,0.11,0.16,0.21,0.30,0.39,0.44,0.50,0.55,0.59,0.64,0.68,0.72,0.77,0.81,0.85,0.89,0.94,0.98
31/08/2020,0.12,0.14,0.15,0.22,0.28,0.39,0.50,0.57,0.65,0.72,0.77,0.83,0.88,0.94,0.99,1.04,1.10,1.15,1.21,1.26
30/09/2020,0.12,0.13,0.16,0.22,0.28,0.38,0.47,0.54,0.62,0.69,0.74,0.80,0.85,0.91,0.96,1.01,1.07,1.12,1.18,1.23
31/10/2020,0.13,0.14,0.19,0.29,0.38,0.51,0.64,0.72,0.80,0.88,0.94,0.99,1.05,1.10,1.16,1.21,1.27,1.32,1.38,1.43
30/11/2020,0.11,0.16,0.19,0.28,0.36,0.49,0.62,0.69,0.77,0.84,0.89,0.95,1.00,1.05,1.11,1.16,1.21,1.26,1.32,1.37
31/12/2020,0.10,0.13,0.17,0.27,0.36,0.51,0.65,0.74,0.84,0.93,0.98,1.03,1.09,1.14,1.19,1.24,1.29,1.35,1.40,1.45
31/01/2021,0.10,0.11,0.19,0.32,0.45,0.62,0.79,0.90,1.00,1.11,1.17,1.22,1.28,1.34,1.40,1.45,1.51,1.57,1.62,1.68
28/02/2021,0.08,0.14,0.30,0.53,0.75,0.95,1.15,1.25,1.34,1.44,1.50,1.57,1.63,1.70,1.76,1.82,1.89,1.95,2.02,2.08
31/03/2021,0.07,0.16,0.35,0.64,0.92,1.16,1.40,1.51,1.63,1.74,1.80,1.85,1.91,1.97,2.03,2.08,2.14,2.20,2.25,2.31
30/04/2021,0.05,0.16,0.35,0.61,0.86,1.09,1.32,1.43,1.54,1.65,1.70,1.76,1.81,1.87,1.92,1.97,2.03,2.08,2.14,2.19
31/05/2021,0.05,0.14,0.30,0.55,0.79,1.02,1.24,1.35,1.47,1.58,1.64,1.70,1.76,1.82,1.88,1.94,2.00,2.06,2.12,2.18
30/06/2021,0.07,0.25,0.46,0.67,0.87,1.04,1.21,1.29,1.37,1.45,1.51,1.56,1.62,1.67,1.73,1.78,1.84,1.89,1.95,2.00
31/07/2021,0.07,0.19,0.35,0.52,0.69,0.85,1.00,1.08,1.16,1.24,1.30,1.35,1.41,1.47,1.53,1.58,1.64,1.70,1.75,1.81
31/08/2021,0.07,0.20,0.40,0.59,0.77,0.93,1.08,1.15,1.23,1.30,1.36,1.41,1.47,1.52,1.58,1.63,1.69,1.74,1.80,1.85
30/09/2021,0.09,0.28,0.53,0.76,0.98,1.15,1.32,1.39,1.45,1.52,1.57,1.62,1.67,1.72,1.77,1.82,1.87,1.92,1.97,2.02
31/10/2021,0.15,0.48,0.75,0.97,1.18,1.31,1.44,1.48,1.51,1.55,1.59,1.64,1.68,1.72,1.77,1.81,1.85,1.89,1.94,1.98
30/11/2021,0.24,0.52,0.81,0.98,1.14,1.25,1.36,1.38,1.41,1.43,1.47,1.51,1.56,1.60,1.64,1.68,1.72,1.77,1.81,1.85
31/12/2021,0.39,0.73,0.97,1.12,1.26,1.35,1.44,1.47,1.49,1.52,1.56,1.60,1.65,1.69,1.73,1.77,1.81,1.86,1.90,1.94
31/01/2022,0.78,1.18,1.39,1.51,1.62,1.69,1.75,1.76,1.78,1.79,1.83,1.87,1.90,1.94,1.98,2.02,2.06,2.09,2.13,2.17
28/02/2022,1.01,1.44,1.62,1.67,1.71,1.76,1.81,1.82,1.82,1.83,1.87,1.91,1.96,2.00,2.04,2.08,2.12,2.17,2.21,2.25
31/03/2022,1.63,2.28,2.45,2.44,2.42,2.41,2.40,2.37,2.35,2.32,2.35,2.37,2.40,2.43,2.46,2.48,2.51,2.54,2.56,2.59
30/04/2022,2.10,2.70,2.87,2.90,2.92,2.93,2.94,2.92,2.91,2.89,2.92,2.94,2.97,2.99,3.02,3.04,3.07,3.09,3.12,3.14
31/05/2022,2.08,2.53,2.71,2.76,2.81,2.84,2.87,2.86,2.86,2.85,2.89,2.94,2.98,3.02,3.07,3.11,3.15,3.19,3.24,3.28
30/06/2022,2.80,2.92,2.99,3.00,3.01,3.03,3.04,3.02,3.00,2.98,3.02,3.06,3.10,3.14,3.18,3.22,3.26,3.30,3.34,3.38
31/07/2022,2.98,2.89,2.83,2.77,2.70,2.70,2.70,2.69,2.68,2.67,2.72,2.78,2.83,2.88,2.94,2.99,3.04,3.09,3.15,3.20
31/08/2022,3.50,3.45,3.46,3.38,3.30,3.28,3.25,3.22,3.18,3.15,3.19,3.23,3.26,3.30,3.34,3.38,3.42,3.45,3.49,3.53
30/09/2022,4.05,4.22,4.25,4.16,4.06,4.02,3.97,3.92,3.88,3.83,3.86,3.88,3.91,3.93,3.96,3.98,4.01,4.03,4.06,4.08
31/10/2022,4.66,4.51,4.45,4.36,4.27,4.23,4.18,4.15,4.13,4.10,4.13,4.17,4.20,4.24,4.27,4.30,4.34,4.37,4.41,4.44
30/11/2022,4.74,4.38,4.13,3.98,3.82,3.79,3.76,3.73,3.71,3.68,3.71,3.74,3.78,3.81,3.84,3.87,3.90,3.94,3.97,4.00
31/12/2022,4.73,4.41,4.22,4.11,3.99,3.98,3.96,3.93,3.91,3.88,3.91,3.93,3.96,3.98,4.01,4.04,4.06,4.09,4.11,4.14
31/01/2023,4.68,4.21,3.90,3.77,3.63,3.61,3.59,3.57,3.54,3.52,3.55,3.57,3.60,3.62,3.65,3.68,3.70,3.73,3.75,3.78
28/02/2023,5.02,4.81,4.51,4.35,4.18,4.13,4.07,4.02,3.97,3.92,3.94,3.96,3.97,3.99,4.01,4.03,4.05,4.06,4.08,4.10
31/03/2023,4.64,4.06,3.81,3.71,3.60,3.58,3.55,3.53,3.50,3.48,3.51,3.55,3.58,3.61,3.65,3.68,3.71,3.74,3.78,3.81
30/04/2023,4.80,4.04,3.75,3.63,3.51,3.50,3.49,3.47,3.46,3.44,3.48,3.51,3.55,3.58,3.62,3.66,3.69,3.73,3.76,3.80
31/05/2023,5.18,4.40,4.04,3.89,3.74,3.72,3.69,3.67,3.66,3.64,3.68,3.71,3.75,3.79,3.83,3.86,3.90,3.94,3.97,4.01
30/06/2023,5.40,4.87,4.49,4.31,4.13,4.05,3.97,3.92,3.86,3.81,3.84,3.86,3.89,3.91,3.94,3.96,3.99,4.01,4.04,4.06
31/07/2023,5.37,4.88,4.51,4.35,4.18,4.13,4.08,4.04,4.01,3.97,4.00,4.02,4.05,4.07,4.10,4.12,4.15,4.17,4.20,4.22
31/08/2023,5.37,4.85,4.54,4.39,4.23,4.21,4.19,4.16,4.12,4.09,4.12,4.15,4.18,4.21,4.24,4.27,4.30,4.33,4.36,4.39
30/09/2023,5.46,5.03,4.80,4.70,4.60,4.61,4.61,4.60,4.60,4.59,4.62,4.66,4.69,4.72,4.76,4.79,4.82,4.85,4.89,4.92
31/10/2023,5.44,5.07,4.90,4.86,4.82,4.86,4.89,4.89,4.88,4.88,4.91,4.95,4.98,5.01,5.05,5.08,5.11,5.14,5.18,5.21
30/11/2023,5.16,4.73,4.48,4.40,4.31,4.35,4.38,4.38,4.37,4.37,4.41,4.44,4.48,4.51,4.55,4.58,4.62,4.65,4.69,4.72
31/12/2023,4.79,4.23,4.01,3.93,3.84,3.86,3.88,3.88,3.88,3.88,3.91,3.94,3.98,4.01,4.04,4.07,4.10,4.14,4.17,4.20
31/01/2024,4.73,4.27,4.05,3.98,3.91,3.93,3.95,3.96,3.98,3.99,4.03,4.06,4.10,4.13,4.17,4.20,4.24,4.27,4.31,4.34
29/02/2024,5.02,4.69,4.49,4.41,4.33,4.34,4.35,4.34,4.34,4.33,4.36,4.38,4.41,4.43,4.46,4.48,4.51,4.53,4.56,4.58
31/03/2024,4.81,4.33,4.07,3.99,3.90,3.91,3.92,3.92,3.91,3.91,3.94,3.97,4.00,4.03,4.06,4.09,4.12,4.15,4.18,4.21
30/04/2024,4.85,4.38,4.14,4.06,3.97,3.98,3.99,3.99,3.99,3.99,4.02,4.05,4.08,4.11,4.15,4.18,4.21,4.24,4.27,4.30
31/05/2024,4.87,4.46,4.27,4.20,4.13,4.15,4.16,4.16,4.17,4.17,4.20,4.23,4.26,4.29,4.32,4.34,4.37,4.40,4.43,4.46
30/06/2024,4.82,4.39,4.14,4.09,4.03,4.05,4.07,4.08,4.08,4.09,4.12,4.15,4.18,4.21,4.24,4.27,4.30,4.33,4.36,4.39
31/07/2024,4.83,4.41,4.16,4.11,4.06,4.08,4.09,4.09,4.09,4.09,4.12,4.15,4.19,4.22,4.25,4.28,4.31,4.35,4.38,4.41
31/08/2024,4.83,4.46,4.22,4.17,4.12,4.14,4.15,4.15,4.15,4.15,4.18,4.21,4.25,4.28,4.31,4.34,4.37,4.41,4.44,4.47
30/09/2024,4.86,4.48,4.25,4.20,4.14,4.16,4.17,4.17,4.17,4.17,4.20,4.23,4.26,4.29,4.33,4.36,4.39,4.42,4.45,4.48
31/10/2024,4.82,4.37,4.10,4.05,3.99,4.00,4.01,4.02,4.03,4.04,4.07,4.10,4.13,4.16,4.20,4.23,4.26,4.29,4.32,4.35
30/11/2024,4.75,4.26,4.02,3.96,3.90,3.93,3.95,3.96,3.97,3.98,4.01,4.05,4.08,4.12,4.15,4.18,4.22,4.25,4.29,4.32
31/12/2024,4.87,4.46,4.25,4.19,4.13,4.15,4.16,4.16,4.17,4.17,4.20,4.23,4.26,4.29,4.33,4.36,4.39,4.42,4.45,4.48