,2-year yield,3-year yield,4-year yield,5-year yield,7-year yield,10-year yield,tau_t*100,tau*100*1.28
197108,5.465682356,5.688106978,5.775453701,5.927286117,6.141192692,6.265395935,3.198796689,4.094459762
197109,5.43721587,5.641901536,5.771729908,5.926384438,5.963860389,5.838999999,3.209219267,4.107800662
197110,4.919793695,5.191203495,5.447413561,5.642362476,5.771723507,5.740667707,3.216072937,4.11657336
197111,5.013393341,5.28796004,5.493876191,5.682248201,5.906096712,5.823149838,3.219429822,4.120870172
197112,4.76337062,5.050060662,5.239453205,5.415486995,5.739020353,5.882558045,3.219360806,4.120781832
197201,4.784157662,5.251448364,5.530735927,5.699207767,5.929997648,6.076936857,3.219189628,4.120562724
197202,4.732487373,5.195465939,5.470653481,5.635588018,5.865935234,6.008574603,3.225316087,4.128404591
197203,5.49322373,5.756141849,5.887456555,5.972751865,6.058228323,6.041605631,3.228108833,4.131979306
197204,5.052030142,5.48815325,5.662215372,5.755139406,5.969327309,6.14472479,3.230755639,4.135367217
197205,4.939791935,5.365431971,5.553211893,5.717773816,5.908764004,6.101101185,3.230029123,4.134437277
197206,5.424305031,5.683359328,5.814039968,5.922424127,6.005007764,5.997786658,3.225997646,4.129276986
197207,5.205220535,5.64336733,5.819265009,5.911950116,6.036485301,6.159838767,3.221926431,4.124065832
197208,5.604922068,5.892473567,6.047935162,6.12942903,6.246441477,6.327261249,3.217816442,4.118805046
197209,5.763759997,5.9237166,6.024133521,6.087022617,6.250956202,6.459722625,3.216760185,4.117453037
197210,5.734925079,5.928864051,6.06089042,6.106205611,6.20671936,6.330015228,3.215619508,4.115992971
197211,5.599322113,5.853695815,5.966374768,6.007241201,6.086620729,6.227117188,3.217465639,4.118356018
197212,5.836805649,6.012437578,6.074340051,6.109830438,6.183227146,6.275243042,3.219183326,4.120554658
197301,6.204131559,6.297506541,6.338495499,6.32561267,6.300883029,6.390837332,3.223822806,4.126493192
197302,6.525592438,6.587459898,6.628968179,6.59356031,6.540342819,6.40657441,3.231208115,4.135946387
197303,6.809134712,6.723762325,6.702829828,6.650516094,6.621188599,6.490282454,3.250534538,4.160684209
197304,6.636826247,6.639827016,6.6205907,6.581811117,6.619704324,6.566784675,3.275428666,4.192548693
197305,6.770723965,6.647505173,6.612839414,6.608802876,6.724048521,6.74983579,3.302806492,4.22759231
197306,6.981258819,6.878178132,6.794731878,6.736651489,6.739188785,6.747487731,3.335560766,4.269517781
197307,7.956346657,7.791312255,7.733421592,7.619698676,7.335569671,7.078399332,3.364775461,4.30691259
197308,7.630601568,7.258163778,7.129681355,7.060592217,7.005431708,6.887689599,3.413823041,4.369693493
197309,6.794601768,6.601707764,6.58899644,6.58476754,6.641267798,6.68919672,3.461807492,4.43111359
197310,6.678627924,6.655506451,6.648795788,6.638863572,6.614193803,6.560613965,3.517537739,4.502448305
197311,6.700870676,6.615291767,6.599056355,6.625632403,6.632229781,6.577061788,3.574921529,4.575899557
197312,6.738164323,6.653203716,6.64984397,6.659289851,6.648119475,6.718857011,3.6397768,4.658914304
197401,6.677836433,6.698455038,6.734325157,6.779739145,6.829592036,6.87629769,3.711649269,4.750911065
197402,6.789127795,6.782572805,6.782569439,6.808050262,6.824390185,6.848224822,3.787301062,4.84774536
197403,7.689239238,7.592201184,7.526078099,7.494595111,7.333634862,7.016638681,3.863602207,4.945410824
197404,8.224011907,8.091046998,8.013008071,7.972823348,7.733515138,7.377098449,3.938089675,5.040754784
197405,8.003977517,7.894213781,7.859418938,7.840598067,7.643944126,7.270336047,4.019116484,5.144469099
197406,8.180605362,8.141947269,8.121678511,8.079427614,7.768579626,7.351200841,4.100892131,5.249141928
197407,8.387989037,8.348599002,8.285949519,8.229548646,7.95054484,7.374205624,4.189539613,5.362610705
197408,8.751263932,8.483306702,8.358961519,8.37489408,8.140696869,7.690175365,4.269441665,5.464885331
197409,7.922386638,7.875984591,7.864972366,7.858867845,7.795172303,7.505256968,4.36064976,5.581631692
197410,7.648176662,7.732347856,7.756771786,7.754563641,7.504543112,7.158945636,4.449454604,5.695301893
197411,7.220946589,7.309555752,7.342212754,7.39172083,7.27563965,7.001232583,4.541263392,5.812817141
197412,7.146461817,7.137976036,7.121714902,7.110104866,7.013671047,6.826983496,4.630656845,5.927240762
197501,6.615379991,6.860166492,7.015005172,7.149126974,7.101614489,6.731852515,4.714905425,6.035078944
197502,6.217010689,6.517158377,6.722632468,6.916768036,7.03942672,6.618709285,4.791679226,6.133349409
197503,6.680436729,6.957197612,7.142903592,7.265629929,7.287878661,6.714638189,4.858718613,6.219159824
197504,7.415221789,7.659785853,7.768787479,7.796338666,7.630770157,6.921523555,4.921667928,6.299734948
197505,6.744660817,7.08060031,7.212122968,7.334546443,7.500336016,7.498383891,4.972805661,6.365191247
197506,7.086540198,7.299431115,7.435679011,7.468496635,7.454598247,7.427840883,5.02237895,6.428645057
197507,7.522255503,7.735804429,7.743490676,7.689572734,7.592130886,7.53036717,5.075465979,6.496596453
197508,7.605634172,7.759841186,7.882379626,7.813389418,7.82887496,7.7134659,5.116942799,6.549686783
197509,7.919183429,8.032589789,8.114144429,8.033035798,8.108355403,8.033806582,5.149329541,6.591141812
197510,6.888438767,7.178592476,7.311219077,7.466832345,7.689831052,7.791152919,5.178182287,6.628073328
197511,7.141296507,7.386259566,7.459615206,7.601678791,7.811437964,7.800041778,5.203414349,6.660370366
197512,6.636582688,6.97812291,7.165789109,7.305384743,7.472696511,7.492860683,5.225293697,6.688375932
197601,6.320562284,6.840767924,7.078224966,7.32351911,7.495296694,7.332973024,5.241575626,6.709216802
197602,6.651086256,7.00271279,7.110238532,7.285718971,7.471442457,7.345690329,5.252537882,6.723248489
197603,6.590828021,6.904348511,7.103314035,7.242024959,7.390975701,7.319850482,5.260747539,6.73375685
197604,6.527876298,6.806924885,6.991303983,7.195249954,7.382857318,7.41477469,5.26625489,6.740806259
197605,7.174526538,7.362551173,7.517875401,7.547668842,7.678882491,7.636638361,5.276173476,6.753502049
197606,6.858091088,7.08960565,7.280891198,7.393907106,7.558985822,7.55446129,5.283103545,6.762372537
197607,6.636960478,6.90945079,7.140753553,7.324053618,7.513646417,7.552355608,5.284710586,6.76442955
197608,6.43689204,6.686107689,6.951677384,7.14447079,7.343337318,7.520066841,5.288314978,6.769043172
197609,6.221819393,6.525769364,6.786691,6.989898371,7.226315844,7.368243064,5.289102174,6.770050783
197610,5.976310543,6.251550896,6.546699426,6.72890279,7.059694648,7.263783642,5.289509093,6.770571639
197611,5.367653934,5.621378961,5.901675828,6.093711011,6.535545675,6.979103627,5.284956056,6.764743752
197612,5.313103943,5.652176386,5.927789444,6.144686566,6.433422749,6.660686962,5.280124123,6.758558877
197701,6.084894018,6.434178809,6.725970177,6.864549621,6.969119501,7.066438403,5.277348124,6.755005599
197702,6.017958974,6.406234962,6.755448006,6.937544217,7.038983471,7.114238947,5.285501002,6.765441282
197703,5.936083211,6.334623213,6.679249443,6.872642997,7.051008464,7.133677716,5.297784537,6.781164208
197704,6.01046683,6.344197365,6.696596084,6.839927051,7.042699383,7.187071124,5.316284713,6.804844432
197705,6.078628159,6.340222978,6.643174245,6.799210805,6.973543132,7.131705603,5.331937163,6.824879569
197706,5.969107637,6.177952809,6.47021072,6.613526379,6.869502349,7.144336535,5.346951881,6.844098408
197707,6.376225479,6.559885562,6.795473967,6.90287307,7.091107034,7.248440512,5.361341584,6.862517227
197708,6.411570929,6.61743205,6.761455932,6.851046703,6.99983586,7.216544784,5.375118759,6.880152011
197709,6.677660256,6.788018963,6.89620118,6.987546703,7.105200178,7.238685169,5.386176673,6.894306141
197710,7.001009473,7.12215631,7.219039061,7.257399,7.323694312,7.392356606,5.396684208,6.907755786
197711,6.923262745,7.034407367,7.126617551,7.190831861,7.260542588,7.397876687,5.41098665,6.926062912
197712,7.046501219,7.223093528,7.360026262,7.445975098,7.523671676,7.697184762,5.424683021,6.943594266
197801,7.2831644,7.42189396,7.536459448,7.589300245,7.671962923,7.798610645,5.439860378,6.963021284
197802,7.37751783,7.54836607,7.651556934,7.716768802,7.789178426,7.89418469,5.44782524,6.973216307
197803,7.508301251,7.640980657,7.730087919,7.7976215,7.877720939,7.969063069,5.457354285,6.985413485
197804,7.666185386,7.766503061,7.829112117,7.85678966,7.956546748,8.054448538,5.468275919,6.999393176
197805,7.932677467,7.989631795,8.036489014,8.094724848,8.151075463,8.249497307,5.486879065,7.023205203
197806,8.268361734,8.306795722,8.300298408,8.306312061,8.338837372,8.425327007,5.508816713,7.051285393
197807,8.216315177,8.247061018,8.21011259,8.248339152,8.290801931,8.343173232,5.534000556,7.083520711
197808,8.213179174,8.170712834,8.181917458,8.202131742,8.194893531,8.174743628,5.560373096,7.117277563
197809,8.430797389,8.264651289,8.251490317,8.273682341,8.310214759,8.334387661,5.593936982,7.160239337
197810,9.148170482,8.997600303,8.921102659,8.754167719,8.691287144,8.642467153,5.632394627,7.209465122
197811,9.298214398,8.870408289,8.701064027,8.602959979,8.604002052,8.566287135,5.669664673,7.257170782
197812,9.757576036,9.362186066,9.113862233,9.00109976,8.922347478,8.827228283,5.707856024,7.306055711
197901,9.377439552,8.922011915,8.731317626,8.690162961,8.701257865,8.670230255,5.748667883,7.35829489
197902,9.554995567,9.093574576,9.042739356,9.000666289,8.954205105,8.864862536,5.795961177,7.418830307
197903,9.450541429,9.030258274,8.954123723,8.915269225,8.838924424,8.818690673,5.847496006,7.484794888
197904,9.593775371,9.203593989,9.087937288,8.987408992,8.985209432,9.020148564,5.901102576,7.553411297
197905,9.239408579,8.850145158,8.779895633,8.703382705,8.71575431,8.809056503,5.956510682,7.624333673
197906,8.69574589,8.496939791,8.480998844,8.413391383,8.512064223,8.584674363,6.015644652,7.700025154
197907,9.023597749,8.770952035,8.720603897,8.654584515,8.753168678,8.752444041,6.078373359,7.7803179
197908,9.510349106,9.224401584,9.083080648,9.017869243,9.016672004,8.913443145,6.144778171,7.865316059
197909,9.818228225,9.462976785,9.242604529,9.15850895,9.154717273,9.145441978,6.210826247,7.949857596
197910,11.61534481,11.19520528,10.88469126,10.63300507,10.52332815,10.30676968,6.278242849,8.036150846
197911,10.72084835,10.17727046,10.03221728,9.973185855,10.09106522,9.941795711,6.350813157,8.129040841
197912,10.76383823,10.30807641,10.02460396,9.933542809,10.00224858,9.917144216,6.43006338,8.230481127
198001,11.21663179,10.78991761,10.71371625,10.72211552,10.78631258,10.77213515,6.515310162,8.339597008
198002,13.95778972,13.17882664,12.78261583,12.39653117,12.00654284,11.82119594,6.602792217,8.451574038
198003,13.96198638,13.00498376,12.27547451,12.02583592,11.76731594,11.58127368,6.694029184,8.568357356
198004,10.1944416,10.13137218,9.949717162,9.906496797,10.23218101,10.3322579,6.784045588,8.683578353
198005,8.863429452,9.088432819,9.221014821,9.363963445,9.681408054,9.946446081,6.871035968,8.794926039
198006,8.850953354,9.083403606,9.12858639,9.246324576,9.456619183,9.70297187,6.955078222,8.902500124
198007,9.439946813,9.687689205,9.781128344,9.858430509,9.989080416,10.33376899,7.025277516,8.992355221
198008,11.16793629,11.172766,11.27068097,11.3663667,11.13433362,10.80322009,7.091566822,9.077205532
198009,11.68201938,11.55421998,11.4118021,11.42157634,11.37835473,11.35753059,7.155597026,9.159164194
198010,12.49713296,12.2954396,12.15341136,11.99198336,11.98230679,11.98706241,7.217227947,9.238051772
198011,13.2521049,12.81362984,12.68962259,12.45894593,12.03844507,11.87007954,7.278041509,9.315893132
198012,12.28154873,12.10092104,12.05558445,11.9234269,11.83151362,11.68698104,7.334853309,9.388612235
198101,12.58574606,12.31723842,12.12982961,12.06452465,12.14611784,12.10935494,7.384444371,9.452088795
198102,13.13065333,13.12760576,13.05825084,12.94504275,12.84449393,12.7170623,7.428702245,9.508738874
198103,12.54849181,12.66325049,12.75273555,12.66374175,12.59063706,12.40541435,7.463241921,9.552949658
198104,13.98699911,13.80366239,13.74129048,13.52086861,13.4976308,13.18315976,7.491728939,9.589413042
198105,13.90057649,13.4640461,13.32098452,13.1138618,12.76276704,12.59550746,7.51577826,9.620196173
198106,13.80505308,13.51489711,13.47181249,13.35279408,13.16287542,12.84448743,7.538390167,9.649139414
198107,14.88731906,14.65621206,14.40414734,14.10456145,13.89262859,13.74063901,7.573419175,9.693976543
198108,15.68063318,15.32082733,15.14934977,14.84693872,14.67038207,14.20550911,7.608491343,9.738868919
198109,15.71892691,15.56899281,15.47514821,15.19537085,14.95028413,14.93870687,7.644844097,9.785400445
198110,14.007043,13.91110449,14.02953756,13.987032,14.27062262,13.82510018,7.672569591,9.820889076
198111,11.7727831,12.04444594,12.35528667,12.26642862,12.4247705,12.62559341,7.691749631,9.845439528
198112,13.31304908,13.40599118,13.55412958,13.49507069,13.42078776,13.51781572,7.702738368,9.859505111
198201,13.61590195,13.65096249,13.66934308,13.48316291,13.60969575,13.63997362,7.705740534,9.863347883
198202,13.62238216,13.56593482,13.53114992,13.48745807,13.36753271,13.35775861,7.700956248,9.857223998
198203,13.7417033,13.76557947,13.7710559,13.61396521,13.56992482,13.31152268,7.687400602,9.839872771
198204,13.35736182,13.35816763,13.25688786,13.1105837,13.25375008,13.08517097,7.670817219,9.81864604
198205,13.06662892,13.15611959,13.19378209,13.0911654,13.12205581,13.06819323,7.657982372,9.802217436
198206,14.05750532,14.09104304,14.00734862,13.76420269,13.79210304,13.45334208,7.648598067,9.790205526
198207,12.77018959,13.06574001,12.96192616,12.78629841,13.1468824,12.94217193,7.63173372,9.768619161
198208,11.61421345,11.98817076,12.0601596,12.05179287,12.08124935,12.14169443,7.607845038,9.738041649
198209,10.99611334,11.38269829,11.54366494,11.29696059,11.44558244,11.43686402,7.57163864,9.691697459
198210,9.845323901,10.28967233,10.38301402,10.28581937,10.51933354,10.35606129,7.537032165,9.647401172
198211,9.745609934,10.13569377,10.42592158,10.46484686,10.67722936,10.52610438,7.495994157,9.594872521
198212,9.364029068,9.82945071,10.05631089,10.15566793,10.37967073,10.19585666,7.447352799,9.532611582
198301,9.494575214,9.951352492,10.11724608,10.3348276,10.73776811,10.61794797,7.397864332,9.469266345
198302,9.176742009,9.563516162,9.792062098,9.938736763,10.13643929,10.09662499,7.346221617,9.40316367
198303,9.645637125,9.939221521,10.15778776,10.29800481,10.40764889,10.32947093,7.296576113,9.339617424
198304,9.19438972,9.521411317,9.755944835,9.988580227,10.11316124,9.960309999,7.25270755,9.283465664
198305,9.766847723,10.07451143,10.30320908,10.4526067,10.6378029,10.5203786,7.202403994,9.219077113
198306,10.00876038,10.30366427,10.52727066,10.65536742,10.77372527,10.62989653,7.140546218,9.139899159
198307,10.72332434,11.03649731,11.33891589,11.45802746,11.55501712,11.43551283,7.078029664,9.05987797
198308,10.83324704,11.21574992,11.4248928,11.63313145,11.77212762,11.45152188,7.017563844,8.98248172
198309,10.23789609,10.61507223,10.89627941,11.11086852,11.30451179,11.00837477,6.961774357,8.911071177
198310,10.28671228,10.72900095,11.05927546,11.23524715,11.48600143,11.35291883,6.906567576,8.840406497
198311,10.33126884,10.69820365,11.05391729,11.20349043,11.39522776,11.24112362,6.857267639,8.777302578
198312,10.54678748,10.87248581,11.19235164,11.34130918,11.62727793,11.43800171,6.816446151,8.725051074
198401,10.30063245,10.63556718,10.92621223,11.14677122,11.43831084,11.3217016,6.78244038,8.681523686
198402,10.68219285,11.00063541,11.36757371,11.56578137,11.79664502,11.70152353,6.753900245,8.644992314
198403,11.23425095,11.5423587,11.80546006,11.98213764,12.2859494,12.17089154,6.728200901,8.612097153
198404,11.44571182,11.79183598,12.06459755,12.29028216,12.55582891,12.45319797,6.698635992,8.57425407
198405,12.54915988,12.93081437,13.1605786,13.40228798,13.54280328,13.47858161,6.666717402,8.533398275
198406,12.72587328,13.03138141,13.19422541,13.31791921,13.48207142,13.41189343,6.635105078,8.4929345
198407,12.17271362,12.27574622,12.37506756,12.45472524,12.62460699,12.50387999,6.603687642,8.452720182
198408,12.12753069,12.24438525,12.36558172,12.42995441,12.52990269,12.37956355,6.572517688,8.412822641
198409,11.70808038,11.91374045,12.03583009,12.11421153,12.22063108,12.02263003,6.541592942,8.373238966
198410,10.81675107,11.093741,11.23750363,11.32679462,11.55262735,11.36941149,6.510858333,8.333898666
198411,10.26050607,10.61132121,11.01517073,11.10891937,11.51723913,11.25171517,6.479131456,8.293288263
198412,9.908187196,10.38685397,10.79763086,10.95650192,11.51865428,11.29257256,6.446431967,8.251432918
198501,9.728756856,10.16550474,10.51794762,10.63242921,11.05918908,10.95196818,6.40767617,8.201825497
198502,10.38100259,10.83812101,11.23990864,11.34800901,11.80983121,11.65723124,6.370431938,8.15415288
198503,10.23528206,10.63095368,11.03677184,11.13827302,11.55418902,11.45367057,6.335976691,8.110050165
198504,9.827082854,10.26885531,10.67727723,10.80464763,11.26071779,11.28181379,6.29935789,8.063178099
198505,8.828143554,9.255882457,9.729698502,9.762409684,10.1304992,10.22879819,6.263128264,8.016804178
198506,8.64193226,9.13978894,9.567168203,9.755270406,10.15076047,10.22350944,6.228492949,7.972470975
198507,8.941219653,9.464049921,9.946067007,10.06995815,10.39737718,10.51295725,6.191719432,7.925400873
198508,8.776252906,9.301567075,9.697126559,9.835596761,10.06279803,10.25412555,6.154094835,7.877241389
198509,8.740454579,9.193224869,9.649258967,9.826679383,10.07617665,10.35173433,6.115636491,7.828014708
198510,8.559502639,8.983522092,9.33609659,9.574114258,9.783037371,10.04258833,6.07752248,7.779228775
198511,8.304445057,8.665200643,9.012681779,9.24671228,9.384984212,9.707138372,6.04340949,7.735564147
198512,7.874686431,8.186877088,8.474755415,8.653378828,8.700406771,9.126349612,6.013222842,7.696925237
198601,7.899580663,8.204199048,8.476276516,8.699854552,8.804630135,9.232761538,5.985706704,7.661704581
198602,7.634200353,7.797392829,7.885657436,8.036911888,7.920059687,8.147248565,5.948821823,7.614491934
198603,6.944931501,7.152671293,7.293382618,7.402671538,7.207772322,7.458723735,5.899186196,7.550958331
198604,6.898462891,7.127815335,7.276266831,7.401725999,7.361407577,7.487003002,5.842988623,7.479025437
198605,7.346919403,7.752714042,8.007158351,8.104829476,8.056662003,8.132957009,5.788676894,7.409506425
198606,6.860954679,7.237876766,7.441517672,7.546118654,7.488106743,7.598524221,5.73620015,7.342336192
198607,6.609381237,6.966210789,7.199500804,7.378056138,7.444987508,7.69125188,5.683177003,7.274466563
198608,5.953020448,6.316026287,6.556300858,6.815227816,6.966756701,7.236014155,5.629617954,7.205910982
198609,6.37692169,6.794712272,7.104002296,7.325523185,7.488751676,7.752611492,5.579083655,7.141227078
198610,6.167179585,6.527963279,6.780011466,7.051197763,7.277248028,7.565439219,5.526766308,7.074260874
198611,6.115961559,6.387555133,6.625949577,6.836393417,7.125839952,7.393295928,5.471509273,7.003531869
198612,6.346611424,6.568964204,6.761802311,6.900208108,7.179581456,7.443996078,5.415722545,6.932124858
198701,6.218476671,6.453110238,6.662742436,6.810742069,7.056930161,7.368709181,5.362941558,6.864565194
198702,6.263848985,6.487684065,6.665178079,6.818083569,7.01898436,7.321681365,5.317874169,6.806878936
198703,6.507672579,6.727283221,6.916565243,7.066913113,7.343458793,7.605863643,5.285165335,6.765011629
198704,7.292096218,7.574377482,7.754834745,7.882375199,8.052155664,8.251885387,5.263437101,6.737199489
198705,7.609917813,7.884301608,8.026355305,8.156365575,8.288933903,8.518794175,5.241864336,6.70958635
198706,7.345379805,7.683655793,7.873814958,8.018973072,8.232446828,8.470396213,5.221549631,6.683583527
198707,7.437605008,7.820679616,8.000823076,8.184068288,8.450297858,8.726607988,5.20374285,6.660790847
198708,7.78478301,8.161998745,8.304837585,8.459384212,8.771939908,9.038585639,5.190680148,6.644070589
198709,8.439404783,8.819841116,8.989194617,9.110459723,9.405778955,9.636796619,5.177592862,6.627318863
198710,7.629811312,8.020257063,8.310149399,8.450901299,8.821823866,8.928570956,5.165709956,6.612108743
198711,7.678581066,8.004616047,8.283027418,8.465878243,8.856584876,9.044728285,5.156138212,6.599856912
198712,7.671765437,7.955682741,8.178298619,8.317911164,8.6757283,8.876203326,5.144240352,6.584627651
198801,7.133453416,7.369855089,7.563346842,7.69726542,8.085069887,8.29431083,5.12996695,6.566357696
198802,7.013497339,7.257616855,7.440661305,7.590009001,7.964320103,8.2336069,5.113459049,6.545227582
198803,7.292476465,7.583159253,7.837619044,7.994832447,8.388737881,8.639438491,5.095874845,6.522719802
198804,7.592582429,7.877453422,8.113481653,8.249845971,8.634030786,8.90193296,5.080526665,6.503074131
198805,8.079097489,8.299064448,8.51196405,8.634990118,8.955737229,9.202667564,5.065245488,6.483514224
198806,7.868175101,8.044274854,8.20508695,8.301165023,8.602293989,8.814892252,5.04994362,6.463927834
198807,8.242709572,8.371830059,8.506400704,8.594740462,8.884157873,9.095994602,5.036905924,6.447239582
198808,8.543682121,8.623654974,8.762216065,8.822917304,9.005666221,9.166214966,5.023812146,6.430479546
198809,8.28376989,8.320674455,8.429405622,8.482431434,8.657695821,8.806907815,5.011797839,6.415101234
198810,8.090018825,8.135440916,8.168064443,8.219302437,8.426773818,8.577920936,5.000888181,6.401136872
198811,8.690401242,8.677690191,8.71020463,8.741412508,8.85920326,8.941748964,4.989936184,6.387118316
198812,8.975819714,8.998221215,8.968039171,8.955651436,9.023967232,8.948353833,4.981190837,6.375924272
198901,8.930150933,8.929324825,8.891227779,8.844274097,8.84110685,8.776814887,4.973442804,6.366006789
198902,9.356687392,9.325265329,9.281048354,9.218130968,9.186897873,9.093901081,4.96783941,6.358834445
198903,9.557776508,9.49507774,9.397081464,9.335133178,9.150745706,9.012012281,4.965355603,6.355655172
198904,9.062525168,8.991318803,8.94015605,8.917822869,8.891747101,8.828164806,4.964655683,6.354759275
198905,8.664824127,8.6275069,8.577130263,8.575087173,8.497674483,8.471718206,4.966962389,6.357711858
198906,7.974090539,7.943757239,7.959505204,7.942511229,8.010955868,8.037343159,4.967915866,6.358932309
198907,7.471805337,7.457785818,7.445617298,7.473270205,7.619085158,7.796475302,4.967543542,6.358455733
198908,8.25216898,8.207190185,8.17432927,8.145206494,8.16649913,8.150389806,4.961702365,6.350979028
198909,8.313725657,8.288024085,8.263131554,8.21284953,8.240344278,8.200327933,4.953615144,6.340627385
198910,7.773520225,7.766208691,7.77815251,7.792620527,7.836570535,7.870115503,4.947523884,6.332830571
198911,7.642164599,7.650165451,7.678878671,7.70151132,7.750289094,7.831243359,4.942355187,6.326214639
198912,7.799124443,7.793973236,7.796971755,7.784731294,7.890337961,7.945193068,4.937062041,6.319439412
199001,8.171841003,8.194589777,8.235944071,8.268777634,8.299859257,8.396511615,4.938756813,6.32160872
199002,8.262875064,8.298603791,8.367834547,8.397163435,8.424239841,8.475033853,4.941234257,6.324779849
199003,8.487261639,8.520148865,8.548205757,8.562909959,8.534956926,8.559412018,4.943360306,6.327501192
199004,8.78512815,8.827936047,8.886644269,8.914317414,8.895515263,8.925017628,4.938948462,6.321854031
199005,8.319305982,8.366963365,8.436977767,8.497211175,8.493248463,8.541724863,4.930288556,6.310769351
199006,8.086637608,8.163914902,8.23233982,8.295441165,8.332425077,8.378807387,4.925575205,6.304736263
199007,7.791497012,7.873864093,7.978604522,8.072469061,8.179876914,8.355959809,4.922730492,6.30109503
199008,7.98897098,8.146569616,8.347743735,8.484790225,8.650375499,8.865222757,4.930834689,6.311468402
199009,7.88964952,8.051748467,8.272162561,8.415459276,8.614482402,8.793925131,4.944565085,6.329043308
199010,7.644765659,7.824844654,8.030735874,8.18999429,8.412748198,8.658394604,4.960682295,6.349673338
199011,7.453877141,7.570265504,7.758488542,7.878245358,8.096525879,8.274973103,4.974337132,6.367151528
199012,7.117014149,7.31716967,7.531265296,7.663163408,7.962975596,8.13584281,4.988543303,6.385335427
199101,6.965661955,7.187292531,7.444078452,7.61029706,7.856069949,8.103222703,4.995106074,6.393735775
199102,6.921874518,7.177387349,7.449728713,7.634796111,7.866061015,8.103344984,4.99746021,6.396749069
199103,6.952793222,7.247143571,7.555091773,7.726193542,7.961197571,8.1134288,4.99370423,6.391941414
199104,6.78953564,7.090725549,7.432003007,7.631066398,7.91531264,8.100811013,4.989857911,6.387018126
199105,6.757102013,7.063095122,7.439660241,7.653086285,7.948801072,8.155030663,4.988848459,6.385726027
199106,6.889518892,7.291381349,7.675041329,7.87530383,8.145282025,8.304713405,4.983650379,6.379072486
199107,6.748494581,7.134492243,7.503838335,7.721755791,8.035754735,8.234842926,4.974439442,6.367282485
199108,6.289501279,6.670311185,7.085657005,7.316970552,7.710171121,7.960465326,4.958248636,6.346558253
199109,5.981785434,6.3399146,6.729762354,6.947169247,7.344325479,7.623920796,4.937209168,6.319627735
199110,5.674882548,6.080583514,6.529694216,6.786496808,7.274642176,7.689781628,4.909539305,6.28421031
199111,5.357530378,5.862957889,6.347275664,6.60511556,7.181351942,7.699564136,4.884981631,6.252776487
199112,4.762591092,5.276300173,5.786474561,6.090287708,6.566825837,7.102617496,4.859658762,6.220363216
199201,5.118368172,5.752141526,6.282239445,6.59612693,7.152670783,7.605200311,4.8307709,6.183386752
199202,5.231581722,5.8604511,6.396526581,6.689901366,7.198367366,7.525022691,4.804110733,6.149261739
199203,5.586321341,6.283218831,6.764441583,6.988528221,7.440983749,7.725784499,4.782478464,6.121572435
199204,5.372314363,6.093139555,6.624965704,6.936600634,7.441496199,7.828247376,4.761038174,6.094128862
199205,5.126440144,5.803652918,6.308291039,6.645943208,7.141165901,7.612968516,4.737868936,6.064472237
199206,4.808177201,5.451204132,5.98959301,6.361229875,6.929192099,7.438835804,4.714888677,6.035057507
199207,4.381278249,4.997314022,5.542330708,5.939158948,6.482592563,7.017090107,4.694003148,6.008324029
199208,4.131843474,4.763936478,5.333903359,5.741085842,6.403797613,6.995822149,4.672349653,5.980607555
199209,3.80243944,4.418417732,4.996527764,5.442290917,6.162682293,6.815421609,4.64994342,5.951927578
199210,4.436720426,5.087513922,5.64437475,6.000635022,6.583706636,7.159125129,4.631448316,5.928253845
199211,4.803666736,5.464162723,5.984339428,6.325401775,6.803106375,7.191109123,4.611185468,5.902317399
199212,4.525389002,5.214720424,5.750530382,6.141388256,6.599519484,6.959686046,4.589246329,5.874235301
199301,4.177435667,4.800081229,5.25558929,5.638005925,6.190152387,6.694598093,4.571211881,5.851151208
199302,3.905014887,4.433244912,4.933018017,5.299302031,5.845676192,6.377490893,4.553323206,5.828253704
199303,3.921980822,4.481771084,4.966893929,5.318821614,5.886185088,6.387317597,4.532801411,5.801985806
199304,3.779974651,4.34860261,4.832633551,5.232892479,5.838270114,6.376704595,4.514273724,5.778270367
199305,4.173370131,4.659957996,5.073594008,5.388422985,5.919248773,6.42491454,4.496803312,5.755908239
199306,3.974235943,4.429752359,4.782822195,5.081560618,5.530667502,6.01600583,4.476744285,5.730232685
199307,4.088119177,4.525960433,4.891082453,5.177708279,5.565644184,6.010691129,4.455040234,5.702451499
199308,3.821030313,4.19695826,4.514355235,4.811988977,5.241367263,5.720182157,4.433541658,5.674933322
199309,3.839899278,4.247294461,4.563652351,4.805043576,5.184434176,5.649255281,4.411349965,5.646527955
199310,3.954191284,4.298793829,4.611917777,4.85494976,5.246640469,5.642595345,4.389298701,5.618302337
199311,4.167297734,4.547319327,4.915464665,5.179432257,5.609492121,6.02656132,4.36743608,5.590318183
199312,4.197349326,4.572018349,4.954748286,5.224565907,5.57834561,6.027129422,4.346697755,5.563773127
199401,4.068642827,4.440112098,4.763501714,5.025109904,5.416971627,5.834632318,4.32166922,5.531736601
199402,4.639615657,5.024423882,5.36070037,5.607563856,6.003338583,6.357101163,4.297787318,5.501167767
199403,5.175537993,5.656084739,6.002666406,6.246572749,6.615401376,6.957043607,4.275940064,5.473203282
199404,5.681641215,6.121460582,6.423267506,6.599479395,6.845833911,7.179864455,4.250732232,5.440937257
199405,5.926903704,6.315189511,6.556736718,6.718051417,6.969791117,7.266873665,4.224887749,5.407856319
199406,6.08002495,6.464027445,6.738648855,6.902861097,7.130825184,7.441511307,4.201998684,5.378558315
199407,5.912625565,6.250075372,6.495522479,6.659562088,6.886918085,7.209496557,4.181994071,5.352952411
199408,6.03512329,6.360339965,6.590228198,6.735149601,6.978622442,7.260225061,4.164798822,5.330942492
199409,6.475628051,6.827594928,7.070102654,7.21104814,7.395488867,7.659544872,4.148647588,5.310268913
199410,6.690494796,7.031341258,7.260822315,7.39726892,7.577052611,7.819415012,4.128208547,5.284106941
199411,7.263946732,7.518059714,7.6183083,7.667878408,7.692028729,7.871846761,4.10794462,5.258169114
199412,7.547973869,7.680509899,7.708825724,7.699650331,7.677095013,7.755019093,4.0878765,5.23248192
199501,7.129434327,7.302657807,7.401849472,7.43885144,7.461472233,7.55980423,4.071529015,5.211557139
199502,6.664673195,6.813133489,6.93056024,6.992672482,7.10159448,7.231971688,4.055295122,5.190777756
199503,6.680847248,6.83247778,6.923171023,6.997362142,7.085978778,7.236898993,4.038314373,5.169042397
199504,6.48360618,6.637680104,6.7230864,6.79433807,6.89814062,7.100055666,4.025819442,5.153048886
199505,5.782251683,5.878547251,5.95332049,6.00171289,6.140340312,6.384062142,4.01340682,5.137160729
199506,5.752506114,5.819701151,5.893288927,5.924838815,6.073751051,6.300854524,4.000196487,5.120251503
199507,5.817289221,5.968319558,6.075056471,6.132266657,6.295897383,6.540206225,3.984475357,5.100128457
199508,5.760574995,5.878245136,5.967324512,6.018659868,6.153615939,6.383231468,3.966266326,5.076820898
199509,5.782513206,5.841313268,5.920732459,5.967207386,6.055805626,6.265078866,3.947378542,5.052644533
199510,5.563399934,5.644905839,5.732620512,5.764458279,5.880413238,6.078409097,3.931257903,5.032010116
199511,5.320207423,5.371323875,5.445980913,5.490452854,5.646741914,5.820545083,3.913563604,5.009361413
199512,5.14167338,5.20232637,5.294612656,5.352860697,5.461971858,5.643406961,3.89518897,4.985841881
199601,4.91343883,5.011538486,5.145855436,5.247013987,5.462594615,5.678393435,3.880333589,4.966826994
199602,5.353564156,5.498631886,5.623098097,5.709267632,5.972551825,6.225979274,3.864739329,4.946866341
199603,5.716318488,5.871284594,5.998378265,6.049634975,6.287042935,6.449889011,3.850952666,4.929219412
199604,5.957353242,6.145873147,6.28462617,6.3555162,6.552058634,6.723625301,3.837203132,4.911620009
199605,6.130481416,6.358346194,6.51008381,6.570604227,6.744784629,6.866668694,3.823561709,4.894158987
199606,6.041962527,6.24184287,6.347276765,6.406236707,6.573664709,6.724158487,3.810027265,4.876834899
199607,6.110956232,6.312551912,6.429700364,6.497178742,6.645227571,6.734193595,3.797450303,4.860736387
199608,6.233416575,6.449976757,6.587936047,6.656995029,6.82392481,6.899211789,3.784138646,4.843697467
199609,6.010031573,6.208015662,6.332330395,6.410836146,6.572501754,6.673551713,3.773428992,4.82998911
199610,5.653079538,5.826623272,5.953233727,6.024336447,6.218718292,6.328572716,3.76358175,4.81738464
199611,5.508703317,5.62071749,5.705327693,5.771779975,5.924568122,6.058900686,3.756272057,4.808028234
199612,5.796740799,5.973705079,6.082446637,6.143821406,6.294923313,6.409070489,3.750639384,4.800818411
199701,5.829098548,6.003538485,6.122775819,6.199830589,6.371661841,6.493359662,3.740788783,4.788209642
199702,5.984878564,6.153992047,6.265127623,6.333078972,6.451711751,6.572753495,3.730992049,4.775669822
199703,6.331378942,6.517004578,6.621328111,6.690530727,6.826597454,6.903487856,3.717949644,4.758975545
199704,6.174958541,6.345344255,6.446604709,6.507596285,6.643175425,6.72600418,3.700883629,4.737131045
199705,6.095863283,6.267804363,6.381278115,6.429907087,6.554433509,6.661858989,3.681543471,4.712375643
199706,5.990730094,6.147485599,6.260069531,6.309887041,6.423788336,6.52556019,3.662400257,4.687872329
199707,5.640232235,5.720897051,5.794130707,5.841895171,5.944717851,6.049366353,3.64264141,4.662581005
199708,5.888106206,6.015798876,6.122618601,6.164558534,6.285030638,6.384581267,3.624722292,4.639644534
199709,5.723113866,5.808985509,5.906695053,5.94226608,6.0525518,6.158631569,3.606137639,4.615856178
199710,5.579212857,5.625892914,5.683050947,5.715443675,5.818604404,5.918489188,3.586096463,4.590203473
199711,5.732749755,5.750470005,5.802295566,5.814209698,5.853800214,5.890431528,3.56382249,4.561692787
199712,5.588116615,5.61762538,5.649456992,5.660574939,5.697620761,5.764497731,3.539369288,4.530392688
199801,5.276457543,5.284949283,5.340056081,5.358417071,5.460732878,5.557534148,3.514390926,4.498420386
199802,5.480235128,5.490537823,5.552131368,5.561087594,5.611612602,5.674822992,3.487292908,4.463734923
199803,5.516694346,5.549961037,5.581865136,5.602653373,5.659853902,5.714987794,3.459733393,4.428458743
199804,5.524999256,5.549724902,5.59389284,5.614489001,5.673645241,5.726316711,3.433322837,4.394653232
199805,5.483377706,5.5109746,5.546827035,5.549421201,5.578840958,5.633972482,3.410457591,4.365385716
199806,5.439144912,5.461398167,5.476554213,5.459689518,5.472297801,5.507946159,3.387050887,4.335425135
199807,5.427587499,5.463576886,5.492676833,5.492789035,5.50356802,5.5537225,3.365516697,4.307861372
199808,4.824109179,4.868400554,4.888493865,4.90020516,4.977890731,5.100250023,3.342616753,4.278549444
199809,4.342997666,4.334787645,4.326986043,4.344368645,4.352205671,4.589224355,3.317580043,4.246502456
199810,4.272583099,4.327594747,4.370041729,4.413253223,4.517092768,4.818537306,3.293628249,4.215844159
199811,4.526808771,4.571539767,4.63891179,4.648090298,4.692674733,4.842849353,3.269964283,4.185554282
199812,4.58647615,4.619592005,4.667224273,4.65706419,4.697710012,4.905106372,3.248178668,4.157668696
199901,4.584194857,4.593985168,4.620782134,4.628528629,4.683361334,4.827140797,3.227440438,4.131123761
199902,5.132973614,5.21589177,5.278018852,5.316172989,5.354712953,5.450121369,3.206971805,4.10492391
199903,4.97235489,5.083703974,5.184743817,5.244145867,5.353621638,5.469357775,3.187558339,4.080074673
199904,5.052513867,5.157701065,5.227780893,5.287782596,5.356829869,5.505026004,3.175441652,4.064565315
199905,5.37856855,5.530889377,5.63670888,5.700008466,5.744566946,5.773988199,3.161063879,4.046161766
199906,5.457327897,5.571920972,5.677601662,5.785625168,5.815432369,5.919116172,3.145274984,4.02595198
199907,5.583293537,5.714497207,5.842753978,5.942781338,6.005821354,6.061562899,3.131971561,4.008923598
199908,5.684736653,5.800312061,5.924506047,6.043237435,6.094898566,6.150934438,3.12036456,3.994066636
199909,5.583026896,5.685902611,5.798068277,5.922958321,6.005262484,6.108388235,3.113547565,3.985340883
199910,5.760303965,5.854575321,5.972936705,6.071485971,6.096597167,6.19081725,3.105964768,3.975634903
199911,5.94692732,6.013755479,6.089882987,6.202904714,6.215102516,6.341953671,3.099213161,3.966992846
199912,6.164508628,6.258433105,6.336257424,6.441303733,6.464613833,6.560208939,3.093259119,3.959371672
200001,6.533612625,6.586591985,6.604273703,6.672091872,6.636790762,6.608286238,3.088857398,3.953737469
200002,6.457143503,6.518072543,6.54532272,6.597556898,6.553602147,6.454525929,3.089876892,3.955042421
200003,6.39535532,6.34819707,6.289203963,6.261136633,6.160752828,6.077622797,3.097718713,3.965079952
200004,6.581712128,6.518137795,6.494459353,6.459339869,6.36455248,6.225929985,3.09604978,3.962943719
200005,6.621714031,6.550784959,6.516861211,6.470136851,6.356345605,6.268022334,3.095899211,3.96275099
200006,6.325149497,6.257932455,6.21073778,6.160667003,6.131633715,6.073431937,3.103321966,3.972252117
200007,6.253332362,6.227182069,6.178584695,6.118451367,6.060119968,6.010215387,3.108947035,3.979452204
200008,6.10026654,6.019073799,5.968549093,5.914344025,5.86534544,5.827232288,3.111383338,3.982570672
200009,5.932044929,5.862433402,5.825788805,5.799035109,5.847382853,5.912506177,3.115110665,3.987341651
200010,5.889077984,5.812841154,5.777562646,5.73346105,5.763543977,5.814428337,3.118712021,3.991951387
200011,5.604499248,5.523095494,5.482179006,5.440378603,5.432218709,5.526106798,3.122189317,3.996402325
200012,5.129785369,5.09056714,5.062597936,5.027935517,5.118604775,5.26405052,3.125518835,4.000664109
200101,4.634662564,4.72728378,4.818107371,4.858593325,5.014680664,5.233408133,3.1323844,4.009452032
200102,4.44720456,4.570886543,4.662595078,4.702740079,4.86812025,5.095415948,3.136754628,4.015045924
200103,4.252840714,4.420111524,4.549629761,4.620675666,4.844051351,5.147789635,3.134181815,4.011752723
200104,4.333014214,4.646555513,4.829239465,4.942102326,5.211566337,5.532431595,3.13461567,4.012308058
200105,4.248343376,4.615316125,4.852944225,4.998191627,5.244614523,5.561209456,3.139379641,4.01840594
200106,4.297838474,4.663158014,4.898205063,5.049199876,5.282526782,5.589635472,3.139439892,4.018483061
200107,3.836338475,4.225022751,4.456361501,4.630027117,4.895802037,5.229143695,3.133533583,4.010922987
200108,3.655984896,4.055525644,4.292632845,4.471271039,4.736692078,5.069415403,3.127704057,4.003461193
200109,2.879357512,3.403307954,3.74799574,4.017784636,4.414075933,4.902934131,3.120312709,3.994000267
200110,2.41376432,2.948678047,3.346785427,3.653068462,4.041780908,4.540379771,3.107118075,3.977111136
200111,2.851866119,3.494522413,3.906986637,4.203974209,4.606486647,5.09912702,3.091122048,3.956636222
200112,3.037771532,3.807640463,4.217409163,4.513471616,4.898943976,5.36378423,3.071619716,3.931673236
200201,3.11531031,3.809642365,4.223073872,4.526365929,4.874788047,5.286971651,3.04714313,3.900343206
200202,3.017340976,3.636304302,4.04721366,4.355540787,4.739271918,5.16818627,3.022219691,3.868441204
200203,3.688368998,4.3254321,4.707051391,4.982390451,5.307290091,5.672618589,3.000528396,3.840676347
200204,3.215356282,3.860573325,4.278552888,4.564737309,4.927343631,5.329858824,2.982719635,3.817881133
200205,3.179941387,3.721485584,4.11406207,4.41054957,4.812644391,5.280647359,2.959975873,3.788769118
200206,2.860924164,3.430563738,3.837835213,4.13197347,4.577936742,5.089297287,2.935322234,3.75721246
200207,2.218070732,2.813498014,3.253084325,3.604617658,4.151582677,4.776130631,2.91607776,3.732579533
200208,2.123090895,2.525839695,2.965068195,3.301302323,3.835298437,4.397369435,2.90068957,3.712882649
200209,1.700217178,2.033187828,2.387306249,2.690867192,3.285066927,3.936385185,2.88254074,3.689652148
200210,1.695433034,2.118252383,2.53399838,2.878666809,3.530648974,4.241525609,2.871155543,3.675079095
200211,2.082558866,2.602892332,3.046406116,3.367780533,3.932447202,4.523856872,2.862801079,3.664385381
200212,1.59298326,2.047866343,2.476816231,2.822460637,3.432129016,4.133272903,2.85743481,3.657516557
200301,1.698647607,2.210976352,2.689200868,3.044464608,3.623781927,4.253893911,2.855649761,3.655231693
200302,1.507223368,1.929981808,2.372933611,2.729371959,3.317797554,3.954182057,2.85879502,3.659257625
200303,1.490060171,1.976329494,2.445814089,2.819669351,3.437892575,4.093932972,2.860375274,3.661280351
200304,1.479651264,1.987073505,2.467363349,2.858844554,3.464496209,4.097417711,2.851163889,3.649489778
200305,1.313832024,1.627190473,1.994771317,2.345839934,2.960572919,3.598728676,2.83849241,3.633270285
200306,1.282912881,1.68692601,2.111695188,2.48556072,3.106518275,3.75572403,2.826682393,3.618153463
200307,1.73574196,2.317474912,2.883584687,3.334838617,4.026802368,4.694460074,2.816386806,3.604975111
200308,1.950964164,2.569820698,3.083562308,3.500411316,4.103003094,4.690968605,2.808268069,3.594583128
200309,1.44750611,1.982645617,2.447673477,2.8572484,3.501466612,4.17386317,2.802316787,3.586965487
200310,1.827757325,2.403693598,2.873332746,3.283444623,3.890118621,4.516712964,2.792164537,3.573970607
200311,2.02922569,2.578026387,3.010718304,3.386086445,3.946316157,4.547868687,2.780696621,3.559291674
200312,1.810335905,2.378791216,2.848753971,3.249040371,3.839382437,4.461896792,2.770739575,3.546546656
200401,1.795947438,2.351287023,2.792646096,3.178987191,3.750033526,4.34445681,2.760798363,3.533821904
200402,1.628409367,2.147572896,2.584214497,2.972005494,3.545708275,4.174998251,2.746674628,3.515743524
200403,1.557917781,2.006919804,2.436682231,2.823815114,3.410086739,4.055317442,2.73339429,3.498744691
200404,2.332574989,2.882376401,3.315986731,3.673455825,4.181034108,4.736239291,2.727327157,3.490978761
200405,2.551049057,3.112012281,3.524270336,3.859262034,4.334858433,4.884003505,2.729007277,3.493129315
200406,2.684725406,3.161870014,3.507311331,3.806582607,4.266357718,4.806362695,2.734071103,3.499611011
200407,2.669711711,3.106254084,3.440988157,3.724694529,4.170210711,4.686114373,2.736191757,3.502325449
200408,2.37092536,2.727831373,3.060320485,3.347893836,3.800799395,4.327170786,2.733323015,3.498653459
200409,2.58969893,2.880608727,3.157074964,3.399475809,3.815533539,4.315511424,2.730386882,3.494895209
200410,2.532310863,2.805694087,3.069681903,3.316864917,3.720662192,4.219561843,2.73572566,3.501728844
200411,2.985616254,3.251403513,3.492902073,3.721225782,4.075336389,4.523655611,2.746409799,3.515404542
200412,3.042111239,3.242393141,3.445832078,3.63395534,3.948865645,4.375872608,2.75344627,3.524411225
200501,3.242741622,3.408931477,3.551690717,3.696783782,3.922063622,4.244937564,2.754118532,3.525271721
200502,3.563795911,3.742560163,3.886521064,4.016479141,4.193002718,4.469735764,2.757410525,3.529485473
200503,3.749250842,3.914430971,4.048444318,4.159493119,4.306877919,4.578400641,2.762598632,3.536126248
200504,3.606678211,3.711924371,3.796918108,3.878921574,3.996518034,4.291385557,2.76966961,3.545177101
200505,3.531321842,3.593540386,3.659480427,3.718460723,3.765939793,4.085635421,2.770439537,3.546162608
200506,3.588255796,3.616202021,3.65209631,3.697203308,3.755728045,3.986182612,2.767044458,3.541816906
200507,3.963696927,4.022714107,4.083192922,4.11152618,4.13735657,4.332173917,2.7703467,3.546043776
200508,3.772482871,3.790799628,3.807241398,3.832218096,3.895585953,4.085898367,2.780898293,3.559549814
200509,4.113843494,4.138282206,4.160441415,4.184037342,4.230170094,4.388959407,2.804973545,3.590366138
200510,4.336248312,4.37760392,4.407346028,4.427537901,4.468973115,4.618605988,2.823864777,3.614546914
200511,4.347855417,4.348080125,4.36680836,4.375119084,4.432973635,4.586490465,2.829846929,3.62220407
200512,4.343442046,4.326614983,4.31745067,4.302875323,4.321432867,4.434662295,2.835751314,3.629761682
200601,4.459363094,4.438131966,4.445994349,4.441708099,4.469428908,4.538549449,2.850108317,3.648138646
200602,4.616718112,4.595354423,4.586059598,4.558156624,4.554142555,4.573804118,2.859514124,3.660178079
200603,4.765761706,4.757749362,4.768695824,4.767769421,4.804996031,4.88617469,2.866030907,3.668519561
200604,4.803567223,4.810766463,4.837292231,4.860058888,4.939685563,5.088786569,2.874923396,3.679901947
200605,4.966654088,4.956357536,4.958428202,4.970927839,5.038154486,5.160601277,2.888252197,3.696962812
200606,5.085713354,5.049505356,5.028500572,5.023035776,5.056279165,5.146070896,2.903961417,3.717070614
200607,4.89537768,4.852293218,4.832546649,4.834304932,4.872647898,4.979478465,2.918504551,3.735685826
200608,4.710049039,4.641715432,4.624421854,4.628411468,4.663997237,4.741779116,2.930632696,3.751209851
200609,4.624824391,4.546571818,4.520688619,4.524793029,4.551294768,4.63630637,2.918431742,3.735592629
200610,4.621609638,4.53981651,4.505163743,4.497265438,4.525143218,4.597286288,2.898647038,3.710268208
200611,4.535005024,4.43364703,4.386138005,4.369706968,4.387088499,4.46529317,2.886309093,3.694475639
200612,4.740579665,4.655359721,4.6232878,4.618360408,4.644306922,4.712099429,2.881191544,3.687925176
200701,4.847214478,4.764810438,4.737557812,4.728605476,4.742285901,4.803576069,2.870444746,3.674169274
200702,4.588451031,4.498600875,4.461464502,4.459635713,4.49360175,4.582990699,2.86421764,3.666198579
200703,4.560550508,4.478735534,4.472070459,4.475144468,4.545814694,4.67953819,2.862859731,3.664460455
200704,4.549249907,4.452765794,4.439795965,4.447843732,4.515725992,4.646249736,2.858920975,3.659418848
200705,4.855434578,4.793319258,4.785763728,4.779353484,4.815603199,4.903830308,2.856514642,3.656338742
200706,4.822568765,4.815794454,4.841782669,4.848351311,4.920710651,5.062360039,2.853922878,3.653021284
200707,4.487966718,4.44835653,4.484795601,4.513159818,4.644925424,4.801199136,2.846610542,3.643661494
200708,4.159622551,4.134958591,4.193185462,4.224788186,4.376811391,4.640145096,2.834040334,3.627571628
200709,3.956060136,4.008831038,4.11612787,4.2032312,4.403880223,4.692101766,2.833525223,3.626912285
200710,3.905370747,3.925267582,4.037078743,4.115000727,4.304001825,4.581386219,2.842800921,3.638785179
200711,2.996463094,3.031125192,3.253285801,3.399302991,3.761237046,4.152111439,2.861488924,3.662705823
200712,3.015859971,3.051291536,3.288373407,3.43690236,3.801720785,4.253183543,2.876635952,3.682094018
200801,2.075155727,2.220066746,2.53727234,2.78652921,3.324370842,3.89698903,2.893905098,3.704198525
200802,1.618387558,1.849478875,2.208205507,2.521911719,3.172273761,3.856391765,2.909057023,3.723592989
200803,1.543308646,1.76006791,2.186623292,2.43389986,2.958537056,3.872860236,2.921912465,3.740047955
200804,2.212711773,2.457181082,2.810174696,3.021478758,3.431814593,4.070340856,2.933710985,3.755150061
200805,2.626363534,2.94973162,3.247499665,3.434457202,3.822572898,4.379209632,2.947664373,3.773010397
200806,2.562104276,2.90720618,3.169129306,3.315580481,3.705029073,4.310082314,2.971978907,3.804133001
200807,2.439440361,2.802973473,3.036448036,3.227973602,3.631134126,4.304176339,3.002915521,3.843731867
200808,2.294173255,2.622931072,2.878381158,3.083444499,3.46834414,4.094919302,3.031112796,3.879824379
200809,1.869195648,2.283010452,2.680990494,2.949623102,3.51331834,4.257509387,3.05455747,3.909833562
200810,1.389791357,1.796779151,2.19750676,2.785548093,3.669389848,4.916200539,3.062469019,3.919960345
200811,0.834469607,1.161847018,1.284521356,1.83248031,2.931489374,3.75131617,3.036877783,3.887203562
200812,0.594006353,1.01832567,1.109895164,1.401942635,2.166885374,2.91578663,2.997109376,3.836300001
200901,0.840822242,1.346472759,1.51766626,1.794184946,2.815074506,3.619107862,2.956669496,3.784536955
200902,0.930349838,1.381175198,1.660729799,1.960987202,2.93929305,3.649510962,2.918342809,3.735478795
200903,0.760001954,1.134169104,1.355819153,1.627750102,2.378484268,3.139622577,2.874587132,3.67947153
200904,0.922414816,1.373750795,1.704711215,2.049893971,2.813268139,3.689618415,2.829703609,3.62202062
200905,0.913164669,1.382697512,1.871752178,2.391104677,3.158768989,3.97946191,2.77964504,3.557945651
200906,1.09799914,1.617815546,2.160145174,2.613710449,3.310663192,3.967958617,2.727431366,3.491112148
200907,1.108709359,1.592077731,2.096347997,2.571494848,3.227897711,3.924814632,2.666258171,3.412810459
200908,0.969919706,1.467000535,1.954705485,2.444265022,3.144049804,3.838306621,2.612162406,3.34356788
200909,0.928020118,1.409539837,1.886931943,2.374466516,3.04063127,3.644366807,2.560166475,3.277013088
200910,0.879698362,1.389938771,1.893127998,2.361745046,3.076200395,3.70546964,2.523969457,3.230680905
200911,0.658335541,1.084351339,1.572407594,2.040858566,2.786378634,3.545730454,2.515812219,3.22023964
200912,1.142966764,1.659221428,2.197465907,2.710498541,3.44496484,4.126250724,2.519184965,3.224556755
201001,0.806760886,1.333743628,1.847247183,2.361095502,3.161418545,3.901302877,2.520071097,3.225691004
201002,0.798832069,1.326746064,1.841145474,2.339020518,3.156365659,3.921166185,2.514980955,3.219175623
201003,0.990440137,1.568350876,2.116382887,2.593567602,3.364278614,4.125137595,2.511671795,3.214939897
201004,0.93748736,1.484024887,1.992962231,2.465405056,3.188758848,3.944844286,2.507396123,3.209467037
201005,0.748321896,1.251903329,1.769280971,2.170632115,2.837002703,3.641498399,2.500588619,3.200753433
201006,0.579770725,0.958063985,1.440207919,1.835981976,2.467728677,3.248576652,2.482580098,3.177702525
201007,0.523230068,0.797914741,1.210617493,1.648496692,2.358618644,3.204863634,2.467620861,3.158554702
201008,0.454034688,0.687603881,1.022318532,1.361432688,1.966401312,2.709439485,2.450408763,3.136523216
201009,0.403073185,0.638217215,0.961915653,1.304948543,1.974170154,2.786584521,2.433010819,3.114253848
201010,0.313526131,0.499524227,0.840843504,1.206578483,1.978656446,2.892735104,2.41646092,3.093069978
201011,0.445866486,0.710590186,1.098246644,1.489785607,2.195842166,3.016695109,2.399070104,3.070809733
201012,0.582452771,1.008567457,1.55318119,2.04290797,2.749279917,3.538940473,2.386440405,3.054643718
201101,0.551815493,0.955507853,1.451825779,1.964439326,2.768845,3.611517968,2.377340947,3.042996412
201102,0.65949621,1.151280405,1.666626503,2.163295476,2.879868825,3.632785286,2.373769795,3.038425338
201103,0.817015171,1.305746863,1.827159063,2.295208835,2.971552703,3.678964426,2.376522637,3.041948975
201104,0.582873211,1.022840036,1.514222912,1.998072611,2.738503701,3.558697053,2.385028724,3.052836766
201105,0.450259811,0.806244188,1.239635315,1.712198646,2.429958642,3.282904006,2.398229774,3.069734111
201106,0.469419493,0.835672301,1.318150614,1.77314896,2.523327606,3.43096443,2.411803758,3.08710881
201107,0.354871116,0.564975109,0.930561938,1.365443162,2.119556336,3.060110599,2.426175113,3.105504145
201108,0.208573226,0.34914928,0.645108905,0.984614703,1.576571824,2.424612432,2.442555601,3.126471169
201109,0.291614023,0.440729014,0.684908309,0.972982299,1.452854728,2.059084933,2.459444964,3.148089554
201110,0.249717291,0.41594653,0.662769844,0.990443042,1.585912672,2.296593573,2.4724737,3.164766336
201111,0.272883459,0.432354797,0.671289937,0.97820704,1.539707408,2.200863936,2.484443224,3.180087326
201112,0.264464505,0.406526776,0.615520367,0.876804398,1.359460263,1.99861106,2.491355037,3.188934447
201201,0.218224642,0.309017012,0.472093338,0.726049945,1.231681297,1.912922362,2.497504502,3.196805763
201202,0.311250742,0.454352166,0.640914623,0.887198064,1.392992532,2.057051046,2.502177625,3.20278736
201203,0.365190718,0.553810869,0.800909422,1.077577219,1.631241389,2.328261422,2.502800388,3.203584497
201204,0.280190053,0.413024981,0.613739425,0.840237468,1.326736065,2.034727182,2.499484239,3.199339826
201205,0.284339601,0.382784419,0.535096787,0.687797059,1.000055691,1.630955988,2.489390119,3.186419352
201206,0.332496716,0.44099106,0.594805181,0.762882515,1.108582699,1.728382323,2.478352506,3.172291207
201207,0.221099659,0.298024288,0.439158132,0.612770826,0.971712798,1.552601547,2.464432187,3.154473199
201208,0.237027164,0.315926955,0.437778963,0.617822754,1.01017332,1.617820854,2.454129018,3.141285143
201209,0.250900259,0.334101228,0.470595013,0.637997267,1.054695316,1.711099219,2.447327735,3.132579501
201210,0.298633507,0.402594649,0.557337988,0.740891646,1.152744835,1.774875471,2.44323851,3.127345293
201211,0.271971297,0.352783092,0.473097624,0.637999182,1.051325897,1.67591003,2.434617473,3.116310365
201212,0.266876843,0.38308687,0.54887285,0.737052902,1.19361938,1.832578474,2.425642109,3.1048219
201301,0.27848276,0.43211172,0.652739952,0.888311296,1.406942456,2.076838288,2.415819265,3.092248659
201302,0.247966305,0.368766183,0.55810634,0.770443534,1.256513043,1.954671272,2.410388211,3.085296911
201303,0.265445409,0.378947805,0.563403369,0.765867101,1.238703309,1.935701188,2.398648451,3.070270018
201304,0.224867932,0.325991461,0.489929437,0.67383933,1.114984309,1.758347996,2.382186863,3.049199185
201305,0.311874534,0.516021517,0.77034525,1.025481125,1.545265029,2.206860819,2.369168985,3.0325363
201306,0.384327913,0.69814888,1.076756871,1.414999575,1.964587653,2.596123304,2.360485908,3.021421962
201307,0.328563648,0.63386697,1.033176817,1.400037349,2.021207142,2.71112828,2.354082514,3.013225617
201308,0.432556794,0.829082499,1.285696066,1.661038446,2.280534566,2.917976226,2.34333161,2.99946446
201309,0.328395868,0.656465255,1.05518064,1.395856284,2.03204687,2.751662771,2.327022507,2.978588809
201310,0.31651987,0.619302514,1.005049483,1.344814936,1.991270924,2.699315658,2.308119923,2.954393502
201311,0.302206893,0.595545281,1.004338173,1.389162611,2.133977944,2.891683881,2.294043683,2.936375915
201312,0.391889013,0.819216263,1.324182094,1.762273603,2.499394218,3.166238802,2.283740734,2.923188139
201401,0.344806707,0.72269361,1.142653105,1.516866109,2.166499501,2.781240954,2.274146858,2.910907978
201402,0.334706202,0.716299105,1.149890745,1.53268,2.163486118,2.755636286,2.259068118,2.891607191
201403,0.427812344,0.910851095,1.369380782,1.743576203,2.341931118,2.814872387,2.250498011,2.880637454
201404,0.417554993,0.885235242,1.329172075,1.697763101,2.273128284,2.741338681,2.247177712,2.876387471
201405,0.379264666,0.80745187,1.213333719,1.556049653,2.089683875,2.558276218,2.245833842,2.874667318
201406,0.455610582,0.895093056,1.310771848,1.646712224,2.166812306,2.616887602,2.243132928,2.871210148
201407,0.53763139,1.03691302,1.483692805,1.782886484,2.262454378,2.63924972,2.239387233,2.866415658
201408,0.531171615,0.985580591,1.381046345,1.659699621,2.068329483,2.417137189,2.232382435,2.857449516
201409,0.599334594,1.102401052,1.516809339,1.79544171,2.229133788,2.566887199,2.225071828,2.848091939
201410,0.526908231,0.980253907,1.373675609,1.652083483,2.067956,2.429214808,2.216903331,2.837636263
201411,0.486011892,0.901091862,1.254440626,1.509222329,1.912504925,2.256010221,2.203995632,2.821114409
201412,0.685768946,1.117522626,1.455068397,1.662935847,1.991552184,2.228626757,2.18380666,2.795272525
201501,0.462674764,0.771606823,1.00493094,1.176965721,1.47031681,1.703314288,2.152424629,2.755103525
201502,0.639188457,1.028116635,1.324102228,1.520039976,1.830524705,2.059978929,2.123311207,2.717838345
201503,0.575824749,0.898684314,1.189860996,1.390778317,1.717887259,1.979819731,2.095421723,2.682139805
201504,0.596782197,0.921120572,1.226695514,1.458287172,1.808106636,2.10257665,2.066828134,2.645540011
201505,0.6187897,0.950954847,1.273870081,1.52055556,1.882056125,2.194926311,2.04041472,2.611730842
201506,0.656985392,1.026193149,1.396694683,1.68891994,2.09974298,2.4214856,2.016221669,2.580763736
201507,0.677101384,0.991295936,1.318841273,1.579807181,1.93474391,2.232809444,1.992941401,2.550964993
201508,0.767594778,1.087085439,1.389379315,1.610362659,1.970110635,2.288027506,1.970166333,2.521812907
201509,0.645251829,0.919458438,1.188943881,1.410295024,1.755512129,2.107254277,1.944669124,2.489176479
201510,0.763857175,1.044574881,1.355267714,1.57180964,1.911030367,2.207617528,1.921046383,2.458939371
201511,0.952662057,1.224803928,1.495355665,1.711620607,2.007918534,2.276168673,1.901732579,2.434217701
201512,1.078230093,1.320165545,1.610092362,1.812638909,2.099384235,2.354689434,1.885287071,2.413167451
201601,0.815631201,0.986965226,1.203468101,1.382660879,1.678464976,2.009947775,1.876767144,2.402261944
201602,0.784629815,0.904352099,1.133205772,1.283898754,1.527208327,1.81937313,1.863337379,2.385071846
201603,0.734329109,0.865980317,1.079909699,1.250152144,1.542860859,1.839301115,1.850653634,2.368836652
201604,0.782246845,0.942475378,1.162377729,1.329254757,1.622696918,1.889881453,1.841750586,2.35744075
201605,0.878615936,1.032140127,1.258485216,1.414061219,1.667832073,1.900199369,1.831752959,2.344643788
201606,0.585513685,0.711000988,0.88572407,1.021121846,1.275286447,1.513306978,1.82189572,2.332026522
201607,0.657252817,0.765217625,0.926197041,1.050802503,1.283748139,1.484434037,1.809451068,2.316097367
201608,0.8133166,0.943602322,1.118809544,1.239343569,1.452754802,1.605588485,1.799575425,2.303456544
201609,0.781974022,0.90574945,1.070829037,1.196770045,1.419408304,1.642948807,1.796159026,2.299083554
201610,0.861845532,1.008496783,1.204741503,1.361108588,1.618100692,1.885530319,1.794543282,2.297015401
201611,1.119376548,1.40888752,1.711934547,1.917029955,2.218235209,2.465826443,1.792928196,2.29494809
201612,1.188571,1.458315141,1.764531805,1.973662837,2.264312774,2.545815922,1.79601082,2.29889385
201701,1.205052131,1.486944273,1.758230684,1.949379033,2.261720998,2.536542301,1.804894888,2.310265456
201702,1.254862099,1.537529117,1.798231194,1.966889586,2.232298627,2.462823569,1.817461997,2.326351357
201703,1.260721644,1.515805921,1.780317037,1.947096685,2.220277245,2.451279514,1.82518937,2.336242394
201704,1.264031901,1.459239484,1.689036262,1.837959479,2.108331336,2.340811522,1.829449371,2.341695195
201705,1.277679898,1.445890935,1.642485052,1.7795536,2.02712329,2.270537411,1.829577734,2.341859499
201706,1.380587457,1.555828672,1.748438887,1.900562347,2.140636056,2.330674294,1.826947524,2.338492831
201707,1.348315295,1.515345378,1.708190863,1.855391603,2.11630899,2.346499628,1.825432359,2.336553419
201708,1.3218517,1.437112979,1.596851638,1.725504209,1.944508133,2.152114967,1.826528733,2.337956778
201709,1.482054851,1.639285392,1.805618411,1.94697347,2.173211992,2.356254725,1.830826562,2.343457999
201710,1.59828181,1.739467712,1.891963372,2.028095471,2.233169117,2.384601953,1.833033765,2.346283219
201711,1.779229469,1.90107377,2.036415139,2.139582538,2.304079176,2.431744935,1.837144336,2.35154475
201712,1.87086814,1.975528713,2.109654396,2.193908056,2.332107072,2.418812441,1.840659801,2.356044545
201801,2.128267297,2.291830267,2.419164999,2.509934521,2.642505998,2.70407649,1.844401783,2.360834283
201802,2.251730159,2.410264614,2.549089945,2.636814336,2.787460918,2.881499527,1.849521584,2.367387627
201803,2.265691935,2.384221757,2.484272047,2.552664745,2.677197318,2.744081454,1.855432378,2.374953443
201804,2.481872193,2.632774488,2.72391908,2.791858666,2.897198998,2.949888445,1.863044249,2.384696639
201805,2.420988638,2.550154431,2.64105653,2.691178082,2.796369232,2.864893012,1.874495753,2.399354564
201806,2.523061007,2.617416111,2.690351098,2.7337222,2.812395379,2.861380538,1.886122508,2.41423681
201807,2.660606456,2.755124732,2.801257522,2.835696546,2.909430465,2.959820473,1.898186909,2.429679244
201808,2.610173811,2.678042694,2.716740731,2.730693094,2.797088284,2.863698407,1.907422306,2.441500552
201809,2.799312698,2.865490821,2.911930007,2.936818821,3.003266373,3.054910625,1.912594433,2.448120874
201810,2.850943648,2.907570896,2.940075057,2.96408253,3.050185964,3.14928682,1.919730046,2.457254459
201811,2.770696195,2.782662037,2.806039795,2.819945757,2.888301608,3.000794313,1.922393333,2.460663467
201812,2.479479467,2.451185687,2.476598698,2.50169645,2.586791534,2.708257424,1.92317598,2.461665254
201901,2.450995578,2.419427569,2.424529422,2.434161991,2.517362186,2.646223689,1.918178795,2.455268858
201902,2.512248319,2.483117992,2.498817547,2.518548585,2.616965675,2.703755362,1.912854617,2.448453909
201903,2.267258024,2.210376303,2.21533615,2.233179997,2.316065436,2.389056832,1.911857771,2.447177947
201904,2.264056963,2.22852563,2.249871278,2.278763412,2.398702457,2.486341011,1.912642412,2.448182288
201905,1.934156062,1.874847201,1.895720931,1.923550996,2.021528286,2.11456006,1.910887178,2.445935587
201906,1.77189057,1.723054471,1.737046159,1.771370488,1.882280375,1.991927825,1.907316544,2.441365176
201907,1.878909149,1.822441441,1.821403552,1.833481154,1.906874048,2.0019956,1.905454797,2.43898214
201908,1.532212766,1.42536684,1.409883777,1.403702359,1.443773556,1.503031312,1.903195979,2.436090854
201909,1.649614857,1.568420362,1.554695776,1.555544231,1.60116249,1.670588068,1.900581081,2.432743784
201910,1.547147668,1.510750725,1.517168404,1.534769742,1.596654221,1.698923326,1.898671827,2.430299939
201911,1.642563298,1.604381094,1.622982598,1.6438334,1.71824522,1.786493258,1.900525046,2.432672058
201912,1.585527067,1.608389502,1.659026315,1.698682972,1.817923241,1.939425353,1.905557306,2.439113352
202001,1.332239318,1.287105967,1.298701853,1.31917168,1.397354074,1.511981611,1.912890727,2.448500131
202002,0.938980258,0.905634721,0.928794412,0.952675572,1.041291943,1.163073609,1.918083991,2.455147509
202003,0.250217624,0.302455064,0.351024096,0.408883758,0.541618577,0.7067637,1.913053021,2.448707867
202004,0.212336739,0.256470611,0.326103917,0.382684414,0.530610422,0.647027724,1.892663263,2.422608977
202005,0.179323135,0.204572831,0.257322304,0.330970489,0.499364908,0.651743203,1.870998633,2.394878251
202006,0.157286525,0.175350909,0.212365745,0.296949285,0.481465694,0.649886446,1.855950798,2.375617022
202007,0.123516045,0.123098409,0.172177727,0.231085592,0.382140322,0.530095896,1.844940836,2.36152427
202008,0.138369693,0.156971976,0.211684652,0.282825186,0.488023621,0.707728606,1.837864132,2.352466088
202009,0.132794201,0.162258451,0.211985627,0.289530227,0.469276374,0.679197235,1.831679997,2.344550396
202010,0.165166662,0.20690784,0.293618507,0.402003642,0.642469905,0.880619897,1.823150925,2.333633184
202011,0.154663279,0.194671896,0.27838597,0.37755828,0.609048202,0.837760713,1.814540296,2.322611578
202012,0.126403466,0.167536057,0.263492145,0.373951367,0.648303635,0.92503797,1.808025142,2.314272182
202101,0.123186539,0.181432677,0.294759759,0.436088516,0.760075781,1.07930458,1.802527686,2.307235438
202102,0.157152178,0.296310415,0.52279117,0.741540479,1.126511081,1.425892834,1.800924189,2.305182962
202103,0.172183185,0.365804573,0.663023951,0.951501112,1.42810966,1.772003969,1.811266876,2.318421602
202104,0.176367846,0.342954377,0.606733806,0.864024175,1.323602506,1.660575463,1.840338146,2.355632827
202105,0.148580067,0.310970522,0.566030169,0.824905917,1.285996641,1.636907929,1.878788582,2.404849385
202106,0.254101331,0.45863718,0.691378626,0.89408586,1.244585684,1.489671349,1.921273485,2.45923006
202107,0.18195494,0.344203089,0.547474004,0.704813851,1.002367798,1.245749732,1.962463703,2.51195354
202108,0.224181062,0.409197518,0.626622564,0.792341898,1.092446625,1.315435474,2.002708034,2.563466284
202109,0.276223657,0.509283968,0.780197733,0.981474326,1.294126628,1.495662692,2.044841096,2.617396603
202110,0.503696097,0.766018629,1.023531671,1.192629768,1.461039986,1.546418636,2.096920326,2.684058018
202111,0.568283802,0.845312348,1.062543039,1.169439206,1.37704244,1.417504597,2.155943607,2.759607817
202112,0.731451556,0.969146468,1.165080837,1.271925968,1.431640385,1.488067792,2.218233022,2.839338269
202201,1.167990674,1.37707138,1.535364278,1.614042072,1.739499189,1.767050732,2.284564553,2.924242627
202202,1.456135241,1.622340663,1.70854617,1.737025436,1.799129186,1.824821815,2.354370947,3.013594812
202203,2.337023027,2.509769308,2.520233556,2.470013469,2.412782774,2.314308029,2.43000041,3.110400524
202204,2.686101438,2.889446622,2.950362531,2.958935097,2.961382429,2.909199755,2.501198573,3.201534173
202205,2.512000718,2.722350753,2.800211921,2.833794518,2.851941226,2.823869221,2.574764914,3.29569909
202206,2.954586741,3.007916242,3.035726578,3.050636355,3.029688903,2.975567762,2.652524491,3.395231348
202207,2.87498104,2.797284052,2.706846309,2.686967889,2.651184269,2.611005742,2.723055024,3.485510431
202208,3.462514874,3.490009946,3.433935102,3.361698654,3.270915993,3.158206797,2.790438538,3.571761329
202209,4.283213212,4.25336275,4.165334037,4.074600303,3.937165218,3.782684634,2.856795827,3.656698658
202210,4.480797479,4.388700764,4.297372331,4.20925366,4.090683812,4.002026518,2.916844802,3.733561346
202211,4.284816366,3.987154293,3.851245422,3.740032466,3.613607235,3.553712641,2.968525439,3.799712562
202212,4.39628817,4.168611608,4.050123155,3.981219823,3.901897678,3.804723022,3.011129586,3.85424587
,,,,,,,3.051985101,3.90654093
,,,,,,,3.087892533,3.952502443
,,,,,,,3.111015197,3.982099452
,,,,,,,3.133469095,4.010840441
,,,,,,,3.145330471,4.026023003
,,,,,,,3.144028308,4.024356235
,,,,,,,3.145351652,4.026050115
,,,,,,,3.151787653,4.034288196
,,,,,,,3.157919332,4.042136745
,,,,,,,3.158222166,4.042524373